Date,Open,High,Low,Close,Volume,Dividends,Stock Splits
2022-02-28T00:00:00.000000000-0500,97.2300033569336,97.4000015258789,96.61000061035156,96.69400024414062,30601,0.0,0.0
2022-03-01T00:00:00.000000000-0500,96.80999755859375,97.57499694824219,96.625,97.40599822998047,28474,0.0,0.0
2022-03-02T00:00:00.000000000-0500,97.40499877929688,97.8499984741211,97.29499816894531,97.41400146484375,29373,0.0,0.0
2022-03-03T00:00:00.000000000-0500,97.4800033569336,97.96499633789062,97.44000244140625,97.79100036621094,21765,0.0,0.0
2022-03-04T00:00:00.000000000-0500,98.06500244140625,98.94499969482422,97.83999633789062,98.6709976196289,29684,0.0,0.0
2022-03-07T00:00:00.000000000-0500,98.63500213623047,99.42500305175781,98.625,99.29499816894531,52821,0.0,0.0
2022-03-08T00:00:00.000000000-0500,99.25,99.33000183105469,98.69999694824219,99.08000183105469,41666,0.0,0.0
2022-03-09T00:00:00.000000000-0500,99.01499938964844,99.08499908447266,97.8499984741211,97.9530029296875,42708,0.0,0.0
2022-03-10T00:00:00.000000000-0500,98.0999984741211,98.6050033569336,97.70999908447266,98.50399780273438,29242,0.0,0.0
2022-03-11T00:00:00.000000000-0500,98.47000122070312,99.15499877929688,98.26000213623047,99.12999725341797,13649,0.0,0.0
2022-03-14T00:00:00.000000000-0400,98.9800033569336,99.25499725341797,98.73999786376953,98.87899780273438,15683,0.0,0.0
2022-03-15T00:00:00.000000000-0400,99.08499908447266,99.18000030517578,98.5999984741211,99.06400299072266,20632,0.0,0.0
2022-03-16T00:00:00.000000000-0400,98.91000366210938,99.0999984741211,98.29499816894531,98.62100219726562,23695,0.0,0.0
2022-03-17T00:00:00.000000000-0400,98.45500183105469,98.4800033569336,97.71499633789062,97.9749984741211,18549,0.0,0.0
2022-03-18T00:00:00.000000000-0400,97.9800033569336,98.63500213623047,97.84500122070312,98.22699737548828,13963,0.0,0.0
2022-03-21T00:00:00.000000000-0400,98.24500274658203,98.54000091552734,98.16000366210938,98.4990005493164,10840,0.0,0.0
2022-03-22T00:00:00.000000000-0400,98.49500274658203,98.95999908447266,98.31500244140625,98.52300262451172,16052,0.0,0.0
2022-03-23T00:00:00.000000000-0400,98.54000091552734,98.8949966430664,98.42500305175781,98.61499786376953,10352,0.0,0.0
2022-03-24T00:00:00.000000000-0400,98.62999725341797,98.96499633789062,98.5999984741211,98.80000305175781,16478,0.0,0.0
2022-03-25T00:00:00.000000000-0400,98.73999786376953,98.86499786376953,98.41999816894531,98.8219985961914,11831,0.0,0.0
2022-03-28T00:00:00.000000000-0400,98.83999633789062,99.36499786376953,98.81999969482422,99.05500030517578,22616,0.0,0.0
2022-03-29T00:00:00.000000000-0400,99.05000305175781,99.26499938964844,98.05500030517578,98.44100189208984,32137,0.0,0.0
2022-03-30T00:00:00.000000000-0400,98.46499633789062,98.48999786376953,97.7300033569336,97.875,20772,0.0,0.0
2022-03-31T00:00:00.000000000-0400,97.9000015258789,98.44000244140625,97.76000213623047,98.36000061035156,21389,0.0,0.0
2022-04-01T00:00:00.000000000-0400,98.36000061035156,98.75499725341797,98.34500122070312,98.62699890136719,16686,0.0,0.0
2022-04-04T00:00:00.000000000-0400,98.62999725341797,99.06999969482422,98.51499938964844,98.9739990234375,14016,0.0,0.0
2022-04-05T00:00:00.000000000-0400,98.9749984741211,99.50499725341797,98.81999969482422,99.4280014038086,25438,0.0,0.0
2022-04-06T00:00:00.000000000-0400,99.4800033569336,99.80000305175781,99.31500244140625,99.61499786376953,27262,0.0,0.0
2022-04-07T00:00:00.000000000-0400,99.66500091552734,99.8499984741211,99.43499755859375,99.76000213623047,17542,0.0,0.0
2022-04-08T00:00:00.000000000-0400,99.82499694824219,100.19999694824219,99.74500274658203,99.75299835205078,25956,0.0,0.0
2022-04-11T00:00:00.000000000-0400,99.69000244140625,100.05000305175781,99.61000061035156,99.92400360107422,14579,0.0,0.0
2022-04-12T00:00:00.000000000-0400,100.0199966430664,100.33499908447266,99.73999786376953,100.29199981689453,21002,0.0,0.0
2022-04-13T00:00:00.000000000-0400,100.31999969482422,100.51499938964844,99.80500030517578,99.91300201416016,33299,0.0,0.0
2022-04-14T00:00:00.000000000-0400,99.83999633789062,100.7699966430664,99.55500030517578,100.32599639892578,0,0.0,0.0
2022-04-18T00:00:00.000000000-0400,100.47000122070312,100.8499984741211,100.44999694824219,100.76599884033203,10331,0.0,0.0
2022-04-19T00:00:00.000000000-0400,100.80000305175781,101.02999877929688,100.68000030517578,100.96399688720703,14354,0.0,0.0
2022-04-20T00:00:00.000000000-0400,101.0,101.04499816894531,100.21499633789062,100.41699981689453,26305,0.0,0.0
2022-04-21T00:00:00.000000000-0400,100.3499984741211,100.67500305175781,99.80999755859375,100.61399841308594,32552,0.0,0.0
2022-04-22T00:00:00.000000000-0400,100.63500213623047,101.33999633789062,100.48500061035156,101.21299743652344,30365,0.0,0.0
2022-04-25T00:00:00.000000000-0400,101.1050033569336,101.86499786376953,101.05000305175781,101.76899719238281,19568,0.0,0.0
2022-04-26T00:00:00.000000000-0400,101.70500183105469,102.37000274658203,101.53500366210938,102.31800079345703,23219,0.0,0.0
2022-04-27T00:00:00.000000000-0400,102.33000183105469,103.29000091552734,102.23999786376953,102.96299743652344,37470,0.0,0.0
2022-04-28T00:00:00.000000000-0400,103.0250015258789,103.94999694824219,103.01000213623047,103.65899658203125,54107,0.0,0.0
2022-04-29T00:00:00.000000000-0400,103.68499755859375,103.68499755859375,102.80999755859375,102.96299743652344,43620,0.0,0.0
2022-05-02T00:00:00.000000000-0400,103.2249984741211,103.7750015258789,103.12000274658203,103.76599884033203,14290,0.0,0.0
2022-05-03T00:00:00.000000000-0400,103.5999984741211,103.69999694824219,103.05999755859375,103.49600219726562,13750,0.0,0.0
2022-05-04T00:00:00.000000000-0400,103.4800033569336,103.66999816894531,102.4800033569336,102.59400177001953,26020,0.0,0.0
2022-05-05T00:00:00.000000000-0400,102.56999969482422,103.97000122070312,102.375,103.802001953125,42439,0.0,0.0
2022-05-06T00:00:00.000000000-0400,103.61000061035156,104.1050033569336,103.23500061035156,103.69400024414062,30557,0.0,0.0
2022-05-09T00:00:00.000000000-0400,103.69000244140625,104.20999908447266,103.41999816894531,103.68900299072266,33562,0.0,0.0
2022-05-10T00:00:00.000000000-0400,103.7249984741211,104.00499725341797,103.52999877929688,103.94300079345703,21952,0.0,0.0
2022-05-11T00:00:00.000000000-0400,103.95999908447266,104.15499877929688,103.40499877929688,103.8740005493164,40000,0.0,0.0
2022-05-12T00:00:00.000000000-0400,104.06999969482422,104.95500183105469,103.91500091552734,104.89700317382812,45493,0.0,0.0
2022-05-13T00:00:00.000000000-0400,104.83499908447266,105.06500244140625,104.5,104.62100219726562,33575,0.0,0.0
2022-05-16T00:00:00.000000000-0400,104.6500015258789,104.69999694824219,104.15499877929688,104.19999694824219,22155,0.0,0.0
2022-05-17T00:00:00.000000000-0400,104.17500305175781,104.26000213623047,103.25,103.40699768066406,28483,0.0,0.0
2022-05-18T00:00:00.000000000-0400,103.3499984741211,103.95999908447266,103.23500061035156,103.86199951171875,30634,0.0,0.0
2022-05-19T00:00:00.000000000-0400,103.87000274658203,103.93499755859375,102.69499969482422,102.7509994506836,28633,0.0,0.0
2022-05-20T00:00:00.000000000-0400,102.94999694824219,103.29499816894531,102.80500030517578,103.1729965209961,20450,0.0,0.0
2022-05-23T00:00:00.000000000-0400,103.0199966430664,103.06999969482422,102.04499816894531,102.09700012207031,31089,0.0,0.0
2022-05-24T00:00:00.000000000-0400,102.1449966430664,102.33499908447266,101.65499877929688,101.87000274658203,28494,0.0,0.0
2022-05-25T00:00:00.000000000-0400,101.76000213623047,102.47000122070312,101.75,102.0770034790039,22752,0.0,0.0
2022-05-26T00:00:00.000000000-0400,102.0999984741211,102.29000091552734,101.76000213623047,101.85800170898438,13822,0.0,0.0
2022-05-27T00:00:00.000000000-0400,101.75,101.95500183105469,101.45500183105469,101.697998046875,16944,0.0,0.0
2022-05-31T00:00:00.000000000-0400,101.41999816894531,102.20500183105469,101.41999816894531,101.76599884033203,20169,0.0,0.0
2022-06-01T00:00:00.000000000-0400,101.7699966430664,102.75,101.7699966430664,102.52899932861328,19394,0.0,0.0
2022-06-02T00:00:00.000000000-0400,102.5999984741211,102.6449966430664,101.74500274658203,101.83200073242188,21907,0.0,0.0
2022-06-03T00:00:00.000000000-0400,101.77999877929688,102.24500274658203,101.66000366210938,102.16000366210938,14929,0.0,0.0
2022-06-06T00:00:00.000000000-0400,102.2300033569336,102.4749984741211,101.86499786376953,102.4469985961914,20895,0.0,0.0
2022-06-07T00:00:00.000000000-0400,102.4749984741211,102.8499984741211,102.26000213623047,102.32499694824219,26221,0.0,0.0
2022-06-08T00:00:00.000000000-0400,102.40499877929688,102.77999877929688,102.26499938964844,102.5459976196289,34466,0.0,0.0
2022-06-09T00:00:00.000000000-0400,102.58999633789062,103.36499786376953,102.08999633789062,103.21800231933594,32613,0.0,0.0
2022-06-10T00:00:00.000000000-0400,103.30000305175781,104.23500061035156,103.05999755859375,104.1510009765625,18284,0.0,0.0
2022-06-13T00:00:00.000000000-0400,104.29000091552734,104.82499694824219,104.29000091552734,104.9469985961914,53583,0.0,0.0
2022-06-14T00:00:00.000000000-0400,105.00499725341797,105.4749984741211,104.4800033569336,105.34200286865234,33465,0.0,0.0
2022-06-15T00:00:00.000000000-0400,105.12999725341797,105.56500244140625,104.42500305175781,104.93499755859375,61624,0.0,0.0
2022-06-16T00:00:00.000000000-0400,104.5999984741211,105.27999877929688,103.19999694824219,103.41699981689453,45613,0.0,0.0
2022-06-17T00:00:00.000000000-0400,103.68499755859375,104.88500213623047,103.63999938964844,104.48799896240234,33356,0.0,0.0
2022-06-21T00:00:00.000000000-0400,104.24500274658203,104.31500244140625,103.7300033569336,104.21099853515625,15502,0.0,0.0
2022-06-22T00:00:00.000000000-0400,104.21499633789062,104.7300033569336,103.61499786376953,103.98100280761719,27611,0.0,0.0
2022-06-23T00:00:00.000000000-0400,104.0,104.54499816894531,103.83999633789062,104.19200134277344,33253,0.0,0.0
2022-06-24T00:00:00.000000000-0400,104.15499877929688,104.27999877929688,103.73999786376953,103.95899963378906,26025,0.0,0.0
2022-06-27T00:00:00.000000000-0400,103.86499786376953,103.99500274658203,103.41999816894531,103.6780014038086,21545,0.0,0.0
2022-06-28T00:00:00.000000000-0400,103.70500183105469,104.37000274658203,103.50499725341797,104.26100158691406,20862,0.0,0.0
2022-06-29T00:00:00.000000000-0400,104.2699966430664,104.8949966430664,104.13999938964844,104.8489990234375,31697,0.0,0.0
2022-06-30T00:00:00.000000000-0400,104.83499908447266,105.31500244140625,104.40499877929688,104.46399688720703,30308,0.0,0.0
2022-07-01T00:00:00.000000000-0400,104.51499938964844,105.44000244140625,104.51499938964844,104.90899658203125,20123,0.0,0.0
2022-07-05T00:00:00.000000000-0400,104.91500091552734,106.58000183105469,104.83499908447266,106.31999969482422,50056,0.0,0.0
2022-07-06T00:00:00.000000000-0400,106.33000183105469,107.06999969482422,106.13500213623047,106.89800262451172,38049,0.0,0.0
2022-07-07T00:00:00.000000000-0400,106.87000274658203,107.05000305175781,106.52999877929688,106.95899963378906,21332,0.0,0.0
2022-07-08T00:00:00.000000000-0400,106.83499908447266,107.61499786376953,106.63999938964844,106.82099914550781,40052,0.0,0.0
2022-07-11T00:00:00.000000000-0400,106.68499755859375,108.08499908447266,106.68499755859375,107.8290023803711,25533,0.0,0.0
2022-07-12T00:00:00.000000000-0400,107.99500274658203,108.41999816894531,107.66999816894531,107.91200256347656,31342,0.0,0.0
2022-07-13T00:00:00.000000000-0400,108.02999877929688,108.41500091552734,107.2699966430664,107.75599670410156,38691,0.0,0.0
2022-07-14T00:00:00.000000000-0400,108.06999969482422,109.13999938964844,108.01499938964844,108.40699768066406,42040,0.0,0.0
2022-07-15T00:00:00.000000000-0400,108.44000244140625,108.58499908447266,107.76000213623047,107.91100311279297,24425,0.0,0.0
2022-07-18T00:00:00.000000000-0400,107.81500244140625,107.9000015258789,106.74500274658203,107.23100280761719,28183,0.0,0.0
2022-07-19T00:00:00.000000000-0400,107.30000305175781,107.48999786376953,106.25,106.55000305175781,39641,0.0,0.0
2022-07-20T00:00:00.000000000-0400,106.55500030517578,107.12999725341797,106.2300033569336,106.9530029296875,31195,0.0,0.0
2022-07-21T00:00:00.000000000-0400,106.9749984741211,107.25,106.30000305175781,106.80400085449219,36496,0.0,0.0
2022-07-22T00:00:00.000000000-0400,106.5250015258789,107.25,105.98999786376953,106.62100219726562,39753,0.0,0.0
2022-07-25T00:00:00.000000000-0400,106.40499877929688,106.76000213623047,106.06500244140625,106.3550033569336,23702,0.0,0.0
2022-07-26T00:00:00.000000000-0400,106.31500244140625,107.1500015258789,106.05500030517578,107.04399871826172,29917,0.0,0.0
2022-07-27T00:00:00.000000000-0400,107.0199966430664,107.30000305175781,106.12999725341797,106.33100128173828,48129,0.0,0.0
2022-07-28T00:00:00.000000000-0400,106.26499938964844,106.8499984741211,105.92500305175781,106.23600006103516,39034,0.0,0.0
2022-07-29T00:00:00.000000000-0400,106.06999969482422,106.53500366210938,105.41000366210938,105.77899932861328,41380,0.0,0.0
2022-08-01T00:00:00.000000000-0400,105.7300033569336,105.91999816894531,105.1050033569336,105.33599853515625,28391,0.0,0.0
2022-08-02T00:00:00.000000000-0400,105.25,106.19999694824219,104.91999816894531,106.10399627685547,38603,0.0,0.0
2022-08-03T00:00:00.000000000-0400,106.25499725341797,106.69999694824219,105.8550033569336,106.37699890136719,42570,0.0,0.0
2022-08-04T00:00:00.000000000-0400,106.36499786376953,106.41000366210938,105.54000091552734,105.56600189208984,25625,0.0,0.0
2022-08-05T00:00:00.000000000-0400,105.61000061035156,106.80999755859375,105.58000183105469,106.48999786376953,42819,0.0,0.0
2022-08-08T00:00:00.000000000-0400,106.48999786376953,106.66999816894531,105.9749984741211,106.322998046875,31696,0.0,0.0
2022-08-09T00:00:00.000000000-0400,106.23999786376953,106.30999755859375,105.8550033569336,106.25199890136719,16785,0.0,0.0
2022-08-10T00:00:00.000000000-0400,106.22000122070312,106.29000091552734,104.51499938964844,105.08000183105469,41858,0.0,0.0
2022-08-11T00:00:00.000000000-0400,105.1050033569336,105.33499908447266,104.5199966430664,104.99400329589844,33287,0.0,0.0
2022-08-12T00:00:00.000000000-0400,105.01499938964844,105.7699966430664,104.97000122070312,105.51000213623047,34923,0.0,0.0
2022-08-15T00:00:00.000000000-0400,105.51499938964844,106.43499755859375,105.43499755859375,106.43299865722656,39741,0.0,0.0
2022-08-16T00:00:00.000000000-0400,106.36499786376953,106.83999633789062,106.20500183105469,106.38800048828125,25804,0.0,0.0
2022-08-17T00:00:00.000000000-0400,106.37000274658203,106.79499816894531,106.18000030517578,106.48600006103516,23270,0.0,0.0
2022-08-18T00:00:00.000000000-0400,106.57499694824219,107.49500274658203,106.42500305175781,107.41500091552734,33746,0.0,0.0
2022-08-19T00:00:00.000000000-0400,107.41500091552734,108.13999938964844,107.41500091552734,108.0979995727539,35342,0.0,0.0
2022-08-22T00:00:00.000000000-0400,108.05500030517578,109.0250015258789,108.0199966430664,108.98100280761719,42096,0.0,0.0
2022-08-23T00:00:00.000000000-0400,108.91500091552734,109.20500183105469,107.98999786376953,108.55400085449219,49627,0.0,0.0
2022-08-24T00:00:00.000000000-0400,108.48999786376953,109.05500030517578,108.29499816894531,108.61599731445312,23541,0.0,0.0
2022-08-25T00:00:00.000000000-0400,108.6050033569336,108.6449966430664,107.94499969482422,108.43299865722656,21603,0.0,0.0
2022-08-26T00:00:00.000000000-0400,108.42500305175781,108.82499694824219,107.4800033569336,108.7509994506836,42699,0.0,0.0
2022-08-29T00:00:00.000000000-0400,108.80000305175781,109.44499969482422,108.43499755859375,108.79000091552734,31415,0.0,0.0
2022-08-30T00:00:00.000000000-0400,108.63500213623047,109.08499908447266,108.23500061035156,108.7490005493164,28112,0.0,0.0
2022-08-31T00:00:00.000000000-0400,108.7300033569336,109.16999816894531,108.33499908447266,108.66500091552734,27077,0.0,0.0
2022-09-01T00:00:00.000000000-0400,108.82499694824219,109.9800033569336,108.73500061035156,109.6780014038086,33691,0.0,0.0
2022-09-02T00:00:00.000000000-0400,109.5999984741211,109.69499969482422,108.91000366210938,109.51000213623047,34482,0.0,0.0
2022-09-06T00:00:00.000000000-0400,109.6050033569336,110.55000305175781,109.37000274658203,110.2040023803711,30823,0.0,0.0
2022-09-07T00:00:00.000000000-0400,110.31999969482422,110.78500366210938,109.51499938964844,109.83200073242188,40293,0.0,0.0
2022-09-08T00:00:00.000000000-0400,109.69499969482422,110.25,109.29000091552734,109.71299743652344,51702,0.0,0.0
2022-09-09T00:00:00.000000000-0400,109.54000091552734,109.55000305175781,108.3499984741211,108.99700164794922,38769,0.0,0.0
2022-09-12T00:00:00.000000000-0400,108.62000274658203,108.86499786376953,107.80000305175781,108.31600189208984,50929,0.0,0.0
2022-09-13T00:00:00.000000000-0400,108.20999908447266,109.91999816894531,107.66999816894531,109.80899810791016,44303,0.0,0.0
2022-09-14T00:00:00.000000000-0400,109.83499908447266,109.91999816894531,109.26499938964844,109.63099670410156,54425,0.0,0.0
2022-09-15T00:00:00.000000000-0400,109.58499908447266,109.92500305175781,109.375,109.71099853515625,21835,0.0,0.0
2022-09-16T00:00:00.000000000-0400,109.78500366210938,110.26000213623047,109.44999694824219,109.73600006103516,14360,0.0,0.0
2022-09-19T00:00:00.000000000-0400,109.69999694824219,110.08000183105469,109.54000091552734,109.98200225830078,23223,0.0,0.0
2022-09-20T00:00:00.000000000-0400,109.29000091552734,110.01499938964844,109.07499694824219,109.94200134277344,28294,0.0,0.0
2022-09-21T00:00:00.000000000-0400,109.9000015258789,111.36000061035156,109.86000061035156,110.34600067138672,51630,0.0,0.0
2022-09-22T00:00:00.000000000-0400,111.22000122070312,111.58000183105469,110.22000122070312,111.1050033569336,55609,0.0,0.0
2022-09-23T00:00:00.000000000-0400,111.00499725341797,113.0,110.83999633789062,112.96199798583984,54782,0.0,0.0
2022-09-26T00:00:00.000000000-0400,112.98999786376953,114.44499969482422,112.66500091552734,114.0199966430664,87867,0.0,0.0
2022-09-27T00:00:00.000000000-0400,113.84500122070312,114.42500305175781,113.26000213623047,114.0469970703125,55228,0.0,0.0
2022-09-28T00:00:00.000000000-0400,114.1050033569336,114.74500274658203,112.45500183105469,112.50800323486328,99323,0.0,0.0
2022-09-29T00:00:00.000000000-0400,112.95999908447266,113.72000122070312,111.94999694824219,112.2020034790039,56441,0.0,0.0
2022-09-30T00:00:00.000000000-0400,111.80999755859375,112.69999694824219,111.54000091552734,112.08399963378906,54596,0.0,0.0
2022-10-03T00:00:00.000000000-0400,112.1500015258789,112.52999877929688,111.40499877929688,111.65599822998047,39381,0.0,0.0
2022-10-04T00:00:00.000000000-0400,111.50499725341797,111.82499694824219,109.96499633789062,109.98100280761719,51311,0.0,0.0
2022-10-05T00:00:00.000000000-0400,110.07499694824219,111.65499877929688,109.98500061035156,111.01100158691406,37554,0.0,0.0
2022-10-06T00:00:00.000000000-0400,110.87999725341797,112.23500061035156,110.72000122070312,112.18299865722656,33412,0.0,0.0
2022-10-07T00:00:00.000000000-0400,112.21499633789062,112.7750015258789,111.86499786376953,112.68299865722656,42759,0.0,0.0
2022-10-10T00:00:00.000000000-0400,112.65499877929688,113.28500366210938,112.51000213623047,113.07099914550781,34687,0.0,0.0
2022-10-11T00:00:00.000000000-0400,113.00499725341797,113.47000122070312,112.29499816894531,113.12799835205078,47261,0.0,0.0
2022-10-12T00:00:00.000000000-0400,113.2300033569336,113.49500274658203,112.90499877929688,113.2239990234375,39163,0.0,0.0
2022-10-13T00:00:00.000000000-0400,113.17500305175781,113.8499984741211,112.0199966430664,112.25299835205078,78592,0.0,0.0
2022-10-14T00:00:00.000000000-0400,112.4749984741211,113.30000305175781,112.05999755859375,113.2020034790039,47793,0.0,0.0
2022-10-17T00:00:00.000000000-0400,113.16999816894531,113.16999816894531,111.79000091552734,111.90799713134766,41495,0.0,0.0
2022-10-18T00:00:00.000000000-0400,111.97000122070312,112.3499984741211,111.62999725341797,111.99400329589844,41676,0.0,0.0
2022-10-19T00:00:00.000000000-0400,111.81500244140625,112.99500274658203,111.77999877929688,112.87899780273438,34230,0.0,0.0
2022-10-20T00:00:00.000000000-0400,112.9000015258789,113.02999877929688,112.05000305175781,112.81800079345703,39689,0.0,0.0
2022-10-21T00:00:00.000000000-0400,112.84500122070312,113.83499908447266,111.57499694824219,111.9800033569336,113489,0.0,0.0
2022-10-24T00:00:00.000000000-0400,111.6050033569336,112.46499633789062,111.33499908447266,111.90899658203125,40552,0.0,0.0
2022-10-25T00:00:00.000000000-0400,111.81500244140625,112.06500244140625,110.625,110.83000183105469,49494,0.0,0.0
2022-10-26T00:00:00.000000000-0400,110.83999633789062,111.01499938964844,109.46499633789062,109.552001953125,50475,0.0,0.0
2022-10-27T00:00:00.000000000-0400,109.44999694824219,110.4800033569336,109.36499786376953,110.4530029296875,50399,0.0,0.0
2022-10-28T00:00:00.000000000-0400,110.3949966430664,110.92500305175781,110.13500213623047,110.60600280761719,38123,0.0,0.0
2022-10-31T00:00:00.000000000-0400,110.67500305175781,111.53500366210938,110.58499908447266,111.41999816894531,24963,0.0,0.0
2022-11-01T00:00:00.000000000-0400,111.44000244140625,111.65499877929688,110.56500244140625,111.35900115966797,36504,0.0,0.0
2022-11-02T00:00:00.000000000-0400,111.36499786376953,112.0250015258789,110.26000213623047,111.22599792480469,48147,0.0,0.0
2022-11-03T00:00:00.000000000-0400,112.02999877929688,113.04499816894531,111.70500183105469,112.80400085449219,50905,0.0,0.0
2022-11-04T00:00:00.000000000-0400,112.875,112.875,110.61000061035156,110.77400207519531,62903,0.0,0.0
2022-11-07T00:00:00.000000000-0500,111.0,111.16999816894531,109.91999816894531,109.99299621582031,34386,0.0,0.0
2022-11-08T00:00:00.000000000-0500,110.0,110.5,109.23999786376953,109.54199981689453,37000,0.0,0.0
2022-11-09T00:00:00.000000000-0500,109.625,110.54499816894531,109.3550033569336,110.45999908447266,46854,0.0,0.0
2022-11-10T00:00:00.000000000-0500,110.20500183105469,110.88999938964844,107.58499908447266,108.09200286865234,71968,0.0,0.0
2022-11-11T00:00:00.000000000-0500,108.05000305175781,108.31999969482422,106.13999938964844,106.16400146484375,55539,0.0,0.0
2022-11-14T00:00:00.000000000-0500,106.65499877929688,107.1500015258789,106.33000183105469,106.53099822998047,40262,0.0,0.0
2022-11-15T00:00:00.000000000-0500,106.9000015258789,106.99500274658203,105.15499877929688,106.29499816894531,75905,0.0,0.0
2022-11-16T00:00:00.000000000-0500,106.47000122070312,106.66500091552734,105.72000122070312,106.1520004272461,46217,0.0,0.0
2022-11-17T00:00:00.000000000-0500,106.25,107.13999938964844,105.9749984741211,106.59200286865234,35048,0.0,0.0
2022-11-18T00:00:00.000000000-0500,106.48500061035156,106.91999816894531,106.2300033569336,106.82599639892578,27109,0.0,0.0
2022-11-21T00:00:00.000000000-0500,106.91000366210938,107.8949966430664,106.77999877929688,107.73200225830078,23693,0.0,0.0
2022-11-22T00:00:00.000000000-0500,107.56999969482422,107.66000366210938,107.01000213623047,107.11499786376953,20071,0.0,0.0
2022-11-23T00:00:00.000000000-0500,107.04499816894531,107.13500213623047,105.91000366210938,105.96700286865234,31041,0.0,0.0
2022-11-25T00:00:00.000000000-0500,105.84500122070312,106.34500122070312,105.6050033569336,105.91699981689453,16780,0.0,0.0
2022-11-28T00:00:00.000000000-0500,106.12000274658203,106.69499969482422,105.25499725341797,106.63200378417969,42073,0.0,0.0
2022-11-29T00:00:00.000000000-0500,106.6050033569336,106.81999969482422,105.99500274658203,106.76799774169922,24380,0.0,0.0
2022-11-30T00:00:00.000000000-0500,106.66000366210938,107.1500015258789,105.70999908447266,105.89700317382812,37353,0.0,0.0
2022-12-01T00:00:00.000000000-0500,105.56999969482422,105.86000061035156,104.55000305175781,104.68900299072266,43745,0.0,0.0
2022-12-02T00:00:00.000000000-0500,104.79499816894531,105.57499694824219,103.93499755859375,104.5,43740,0.0,0.0
2022-12-05T00:00:00.000000000-0500,104.43499755859375,105.36000061035156,104.06500244140625,105.23899841308594,35489,0.0,0.0
2022-12-06T00:00:00.000000000-0500,105.09500122070312,105.58499908447266,104.8499984741211,105.54199981689453,28957,0.0,0.0
2022-12-07T00:00:00.000000000-0500,105.56500244140625,105.80000305175781,104.81999969482422,105.05599975585938,33342,0.0,0.0
2022-12-08T00:00:00.000000000-0500,105.2249984741211,105.41500091552734,104.68499755859375,104.75599670410156,26312,0.0,0.0
2022-12-09T00:00:00.000000000-0500,104.7699966430664,105.19999694824219,104.41000366210938,104.79900360107422,38529,0.0,0.0
2022-12-12T00:00:00.000000000-0500,104.8499984741211,105.23500061035156,104.63999938964844,105.10399627685547,29209,0.0,0.0
2022-12-13T00:00:00.000000000-0500,104.94000244140625,105.08499908447266,103.52999877929688,103.94300079345703,34509,0.0,0.0
2022-12-14T00:00:00.000000000-0500,103.98999786376953,104.19499969482422,103.3949966430664,103.73899841308594,49734,0.0,0.0
2022-12-15T00:00:00.000000000-0500,103.61000061035156,104.86000061035156,103.5,104.53199768066406,40252,0.0,0.0
2022-12-16T00:00:00.000000000-0500,104.45999908447266,104.81500244140625,104.2300033569336,104.66100311279297,15345,0.0,0.0
2022-12-19T00:00:00.000000000-0500,104.625,104.65499877929688,104.1500015258789,104.59500122070312,18215,0.0,0.0
2022-12-20T00:00:00.000000000-0500,104.37000274658203,104.41500091552734,103.4000015258789,103.60600280761719,30548,0.0,0.0
2022-12-21T00:00:00.000000000-0500,103.625,104.06500244140625,103.51499938964844,103.84700012207031,16949,0.0,0.0
2022-12-22T00:00:00.000000000-0500,103.80000305175781,104.30000305175781,103.43499755859375,104.12699890136719,21047,0.0,0.0
2022-12-23T00:00:00.000000000-0500,104.17500305175781,104.23500061035156,103.81500244140625,104.01000213623047,0,0.0,0.0
2022-12-27T00:00:00.000000000-0500,103.83499908447266,104.11000061035156,103.58499908447266,103.89299774169922,13283,0.0,0.0
2022-12-28T00:00:00.000000000-0500,104.00499725341797,104.2699966430664,103.56500244140625,104.18199920654297,19011,0.0,0.0
2022-12-29T00:00:00.000000000-0500,104.08000183105469,104.21499633789062,103.53500366210938,103.58599853515625,14452,0.0,0.0
2022-12-30T00:00:00.000000000-0500,103.63999938964844,103.86499786376953,103.1449966430664,103.26899719238281,0,0.0,0.0
2023-01-03T00:00:00.000000000-0500,103.44499969482422,104.6500015258789,103.23500061035156,104.31199645996094,32361,0.0,0.0
2023-01-04T00:00:00.000000000-0500,104.375,104.38500213623047,103.59500122070312,104.02100372314453,22696,0.0,0.0
2023-01-05T00:00:00.000000000-0500,103.83000183105469,105.05999755859375,103.77999877929688,104.8280029296875,26336,0.0,0.0
2023-01-06T00:00:00.000000000-0500,104.83999633789062,105.5,103.62000274658203,103.64600372314453,38586,0.0,0.0
2023-01-09T00:00:00.000000000-0500,103.69000244140625,103.69000244140625,102.68000030517578,102.74299621582031,35675,0.0,0.0
2023-01-10T00:00:00.000000000-0500,102.9749984741211,103.25,102.7699966430664,102.9800033569336,20582,0.0,0.0
2023-01-11T00:00:00.000000000-0500,102.9800033569336,103.2300033569336,102.8499984741211,102.9280014038086,22717,0.0,0.0
2023-01-12T00:00:00.000000000-0500,102.9000015258789,103.0999984741211,101.80999755859375,101.99500274658203,52384,0.0,0.0
2023-01-13T00:00:00.000000000-0500,102.0,102.3949966430664,101.72000122070312,101.94599914550781,24046,0.0,0.0
2023-01-17T00:00:00.000000000-0500,102.04499816894531,102.32499694824219,101.68000030517578,102.14099884033203,27427,0.0,0.0
2023-01-18T00:00:00.000000000-0500,102.25499725341797,102.65499877929688,101.26499938964844,102.10700225830078,40255,0.0,0.0
2023-01-19T00:00:00.000000000-0500,102.19999694824219,102.26499938964844,101.76000213623047,101.83100128173828,20172,0.0,0.0
2023-01-20T00:00:00.000000000-0500,101.8550033569336,102.31999969482422,101.69999694824219,101.78099822998047,16661,0.0,0.0
2023-01-23T00:00:00.000000000-0500,101.72000122070312,102.04000091552734,101.34500122070312,101.91600036621094,21423,0.0,0.0
2023-01-24T00:00:00.000000000-0500,101.7699966430664,102.20500183105469,101.48500061035156,101.67500305175781,22219,0.0,0.0
2023-01-25T00:00:00.000000000-0500,101.73500061035156,101.88999938964844,101.33000183105469,101.41600036621094,23307,0.0,0.0
2023-01-26T00:00:00.000000000-0500,101.3949966430664,101.98500061035156,101.29499816894531,101.63800048828125,23082,0.0,0.0
2023-01-27T00:00:00.000000000-0500,101.5199966430664,101.98999786376953,101.48999786376953,101.72100067138672,18244,0.0,0.0
2023-01-30T00:00:00.000000000-0500,101.75,102.125,101.45999908447266,102.08599853515625,21429,0.0,0.0
2023-01-31T00:00:00.000000000-0500,102.01499938964844,102.44999694824219,101.82499694824219,101.91500091552734,31110,0.0,0.0
2023-02-01T00:00:00.000000000-0500,101.92500305175781,102.01499938964844,100.80500030517578,101.02799987792969,36730,0.0,0.0
2023-02-02T00:00:00.000000000-0500,100.75,101.74500274658203,100.68000030517578,101.57499694824219,42485,0.0,0.0
2023-02-03T00:00:00.000000000-0500,101.6500015258789,102.8499984741211,101.37999725341797,102.75499725341797,39169,0.0,0.0
2023-02-06T00:00:00.000000000-0500,102.8949966430664,103.6500015258789,102.84500122070312,103.49800109863281,37018,0.0,0.0
2023-02-07T00:00:00.000000000-0500,103.41500091552734,103.8499984741211,102.87000274658203,103.2979965209961,27277,0.0,0.0
2023-02-08T00:00:00.000000000-0500,103.16999816894531,103.38500213623047,102.87999725341797,103.27200317382812,17728,0.0,0.0
2023-02-09T00:00:00.000000000-0500,103.38500213623047,103.44999694824219,102.5199966430664,103.10600280761719,21833,0.0,0.0
2023-02-10T00:00:00.000000000-0500,103.12000274658203,103.58999633789062,102.80000305175781,103.53500366210938,21575,0.0,0.0
2023-02-13T00:00:00.000000000-0500,103.43499755859375,103.74500274658203,103.125,103.24800109863281,15172,0.0,0.0
2023-02-14T00:00:00.000000000-0500,103.0999984741211,103.44000244140625,102.38999938964844,103.12300109863281,37117,0.0,0.0
2023-02-15T00:00:00.000000000-0500,103.12000274658203,104.02999877929688,103.06999969482422,103.83899688720703,24334,0.0,0.0
2023-02-16T00:00:00.000000000-0500,103.81500244140625,104.16999816894531,103.46499633789062,103.79100036621094,29827,0.0,0.0
2023-02-17T00:00:00.000000000-0500,104.09500122070312,104.6050033569336,103.76499938964844,103.77999877929688,24047,0.0,0.0
2023-02-21T00:00:00.000000000-0500,103.8499984741211,104.19999694824219,103.69999694824219,104.11199951171875,17921,0.0,0.0
2023-02-22T00:00:00.000000000-0500,104.02999877929688,104.54000091552734,103.94499969482422,104.52300262451172,15072,0.0,0.0
2023-02-23T00:00:00.000000000-0500,104.43000030517578,104.73500061035156,104.26499938964844,104.53900146484375,15237,0.0,0.0
2023-02-24T00:00:00.000000000-0500,104.44499969482422,105.2750015258789,104.375,105.15799713134766,23919,0.0,0.0
2023-02-27T00:00:00.000000000-0500,105.20999908447266,105.31999969482422,104.48999786376953,104.6240005493164,17992,0.0,0.0
2023-02-28T00:00:00.000000000-0500,104.61000061035156,104.94999694824219,104.36000061035156,104.82499694824219,18884,0.0,0.0
2023-03-01T00:00:00.000000000-0500,104.98500061035156,105.03500366210938,104.04499816894531,104.43199920654297,26128,0.0,0.0
2023-03-02T00:00:00.000000000-0500,104.44000244140625,105.15499877929688,104.41999816894531,104.99500274658203,18328,0.0,0.0
2023-03-03T00:00:00.000000000-0500,104.84500122070312,104.98500061035156,104.44999694824219,104.48799896240234,19110,0.0,0.0
2023-03-06T00:00:00.000000000-0500,104.54000091552734,104.66500091552734,104.12999725341797,104.32499694824219,21761,0.0,0.0
2023-03-07T00:00:00.000000000-0500,104.2750015258789,105.63500213623047,104.09500122070312,105.59200286865234,24980,0.0,0.0
2023-03-08T00:00:00.000000000-0500,105.5999984741211,105.87000274658203,105.33499908447266,105.63400268554688,31058,0.0,0.0
2023-03-09T00:00:00.000000000-0500,105.6449966430664,105.7300033569336,105.13500213623047,105.30500030517578,24403,0.0,0.0
2023-03-10T00:00:00.000000000-0500,105.12000274658203,105.36499786376953,104.0250015258789,104.552001953125,22050,0.0,0.0
2023-03-13T00:00:00.000000000-0400,104.08499908447266,104.33999633789062,103.7300033569336,103.71299743652344,33071,0.0,0.0
2023-03-14T00:00:00.000000000-0400,103.24500274658203,103.77999877929688,103.08499908447266,103.21499633789062,19861,0.0,0.0
2023-03-15T00:00:00.000000000-0400,103.32499694824219,104.72000122070312,103.04499816894531,104.2760009765625,27708,0.0,0.0
2023-03-16T00:00:00.000000000-0400,104.33999633789062,104.40499877929688,103.8949966430664,104.09200286865234,27786,0.0,0.0
2023-03-17T00:00:00.000000000-0400,104.0999984741211,104.125,103.33499908447266,103.36000061035156,18180,0.0,0.0
2023-03-20T00:00:00.000000000-0400,103.41500091552734,103.63999938964844,102.90499877929688,102.93299865722656,14828,0.0,0.0
2023-03-21T00:00:00.000000000-0400,102.95999908447266,103.1449966430664,102.63500213623047,102.89700317382812,12934,0.0,0.0
2023-03-22T00:00:00.000000000-0400,102.83999633789062,102.91000366210938,101.66999816894531,101.97200012207031,19342,0.0,0.0
2023-03-23T00:00:00.000000000-0400,102.09500122070312,102.29499816894531,101.55500030517578,102.20700073242188,22477,0.0,0.0
2023-03-24T00:00:00.000000000-0400,102.26499938964844,103.0250015258789,102.16500091552734,102.76399993896484,14225,0.0,0.0
2023-03-27T00:00:00.000000000-0400,102.7699966430664,102.8949966430664,102.4800033569336,102.51799774169922,7355,0.0,0.0
2023-03-28T00:00:00.000000000-0400,102.42500305175781,102.43000030517578,102.04000091552734,102.10600280761719,9384,0.0,0.0
2023-03-29T00:00:00.000000000-0400,102.12999725341797,102.44000244140625,102.02999877929688,102.2979965209961,10002,0.0,0.0
2023-03-30T00:00:00.000000000-0400,102.30500030517578,102.45999908447266,101.75,101.82099914550781,8866,0.0,0.0
2023-03-31T00:00:00.000000000-0400,101.90499877929688,102.30500030517578,101.7300033569336,102.18599700927734,12303,0.0,0.0
2023-04-03T00:00:00.000000000-0400,102.2699966430664,102.74500274658203,101.55999755859375,101.78700256347656,16155,0.0,0.0
2023-04-04T00:00:00.000000000-0400,101.73500061035156,101.94999694824219,101.13999938964844,101.26699829101562,15261,0.0,0.0
2023-04-05T00:00:00.000000000-0400,101.24500274658203,101.68000030517578,101.08999633789062,101.54499816894531,16075,0.0,0.0
2023-04-06T00:00:00.000000000-0400,101.57499694824219,101.83000183105469,101.43499755859375,101.51899719238281,9870,0.0,0.0
2023-04-10T00:00:00.000000000-0400,101.63500213623047,101.98500061035156,101.56500244140625,101.7300033569336,11163,0.0,0.0
2023-04-11T00:00:00.000000000-0400,102.16999816894531,102.19000244140625,101.69499969482422,101.88400268554688,7758,0.0,0.0
2023-04-12T00:00:00.000000000-0400,101.79499816894531,101.83499908447266,101.11499786376953,101.1709976196289,15772,0.0,0.0
2023-04-13T00:00:00.000000000-0400,101.16999816894531,101.29000091552734,100.52999877929688,100.69999694824219,15171,0.0,0.0
2023-04-14T00:00:00.000000000-0400,100.66999816894531,101.43000030517578,100.41999816894531,101.24500274658203,19608,0.0,0.0
2023-04-17T00:00:00.000000000-0400,101.28500366210938,101.92500305175781,101.2249984741211,101.7959976196289,12810,0.0,0.0
2023-04-18T00:00:00.000000000-0400,101.83000183105469,101.8550033569336,101.33499908447266,101.447998046875,10907,0.0,0.0
2023-04-19T00:00:00.000000000-0400,101.43000030517578,101.94000244140625,101.36499786376953,101.66799926757812,11478,0.0,0.0
2023-04-20T00:00:00.000000000-0400,101.69499969482422,101.84500122070312,101.3499984741211,101.56600189208984,10868,0.0,0.0
2023-04-21T00:00:00.000000000-0400,101.5199966430664,101.8550033569336,101.37000274658203,101.552001953125,10505,0.0,0.0
2023-04-24T00:00:00.000000000-0400,101.44999694824219,101.63500213623047,101.05500030517578,101.072998046875,11947,0.0,0.0
2023-04-25T00:00:00.000000000-0400,101.0,101.67500305175781,100.93000030517578,101.59200286865234,12844,0.0,0.0
2023-04-26T00:00:00.000000000-0400,101.56999969482422,101.62999725341797,100.73999786376953,101.20500183105469,16271,0.0,0.0
2023-04-27T00:00:00.000000000-0400,101.16000366210938,101.55999755859375,100.93000030517578,101.25199890136719,11325,0.0,0.0
2023-04-28T00:00:00.000000000-0400,101.20999908447266,102.04000091552734,101.16999816894531,101.40299987792969,19700,0.0,0.0
2023-05-01T00:00:00.000000000-0400,101.40499877929688,101.95999908447266,101.38999938964844,101.91999816894531,14669,0.0,0.0
2023-05-02T00:00:00.000000000-0400,101.93000030517578,102.18499755859375,101.63999938964844,101.7249984741211,16722,0.0,0.0
2023-05-03T00:00:00.000000000-0400,101.6500015258789,101.69999694824219,100.83499908447266,101.11499786376953,17190,0.0,0.0
2023-05-04T00:00:00.000000000-0400,101.0250015258789,101.41500091552734,100.5199966430664,101.18399810791016,21788,0.0,0.0
2023-05-05T00:00:00.000000000-0400,101.13500213623047,101.55500030517578,100.9000015258789,100.9990005493164,13391,0.0,0.0
2023-05-08T00:00:00.000000000-0400,101.04499816894531,101.19999694824219,100.82499694824219,101.15499877929688,7546,0.0,0.0
2023-05-09T00:00:00.000000000-0400,101.20999908447266,101.63500213623047,101.15499877929688,101.39900207519531,10443,0.0,0.0
2023-05-10T00:00:00.000000000-0400,101.41500091552734,101.6050033569336,101.0,101.26899719238281,13693,0.0,0.0
2023-05-11T00:00:00.000000000-0400,101.22000122070312,101.97000122070312,101.11499786376953,101.87300109863281,16113,0.0,0.0
2023-05-12T00:00:00.000000000-0400,101.90499877929688,102.54499816894531,101.75499725341797,102.50900268554688,16124,0.0,0.0
2023-05-15T00:00:00.000000000-0400,102.51499938964844,102.58499908447266,102.19499969482422,102.27100372314453,12266,0.0,0.0
2023-05-16T00:00:00.000000000-0400,102.2750015258789,102.53500366210938,102.04000091552734,102.40399932861328,10186,0.0,0.0
2023-05-17T00:00:00.000000000-0400,102.44000244140625,102.95999908447266,102.375,102.72599792480469,9980,0.0,0.0
2023-05-18T00:00:00.000000000-0400,102.73999786376953,103.48999786376953,102.6500015258789,103.45500183105469,13981,0.0,0.0
2023-05-19T00:00:00.000000000-0400,103.38999938964844,103.48999786376953,102.87000274658203,103.0790023803711,18438,0.0,0.0
2023-05-22T00:00:00.000000000-0400,103.0199966430664,103.25499725341797,102.84500122070312,103.0790023803711,9759,0.0,0.0
2023-05-23T00:00:00.000000000-0400,103.16000366210938,103.54499816894531,103.05500030517578,103.38500213623047,14057,0.0,0.0
2023-05-24T00:00:00.000000000-0400,103.44499969482422,103.83000183105469,103.26000213623047,103.79900360107422,15307,0.0,0.0
2023-05-25T00:00:00.000000000-0400,103.7750015258789,104.24500274658203,103.7750015258789,104.17500305175781,15068,0.0,0.0
2023-05-26T00:00:00.000000000-0400,104.16500091552734,104.33999633789062,103.71499633789062,104.13600158691406,15660,0.0,0.0
2023-05-30T00:00:00.000000000-0400,104.2300033569336,104.44499969482422,103.78500366210938,104.0780029296875,11544,0.0,0.0
2023-05-31T00:00:00.000000000-0400,103.98999786376953,104.61499786376953,103.93499755859375,104.24500274658203,16960,0.0,0.0
2023-06-01T00:00:00.000000000-0400,104.1050033569336,104.44000244140625,103.43499755859375,103.50199890136719,16359,0.0,0.0
2023-06-02T00:00:00.000000000-0400,103.48500061035156,104.03500366210938,103.31500244140625,103.9520034790039,12818,0.0,0.0
2023-06-05T00:00:00.000000000-0400,103.9749984741211,104.36000061035156,103.87000274658203,103.93599700927734,12965,0.0,0.0
2023-06-06T00:00:00.000000000-0400,103.94999694824219,104.31500244140625,103.75499725341797,104.0739974975586,10574,0.0,0.0
2023-06-07T00:00:00.000000000-0400,104.03500366210938,104.25,103.56500244140625,104.05500030517578,12567,0.0,0.0
2023-06-08T00:00:00.000000000-0400,104.00499725341797,104.04499816894531,103.2699966430664,103.31600189208984,12491,0.0,0.0
2023-06-09T00:00:00.000000000-0400,103.30000305175781,103.58499908447266,103.27999877929688,103.53299713134766,11961,0.0,0.0
2023-06-12T00:00:00.000000000-0400,103.54499816894531,103.73999786376953,103.2300033569336,103.63099670410156,13912,0.0,0.0
2023-06-13T00:00:00.000000000-0400,103.56999969482422,103.61000061035156,103.0250015258789,103.31800079345703,20140,0.0,0.0
2023-06-14T00:00:00.000000000-0400,103.2750015258789,103.38500213623047,102.63500213623047,102.91600036621094,19725,0.0,0.0
2023-06-15T00:00:00.000000000-0400,102.91999816894531,103.36000061035156,102.08999633789062,102.10800170898438,10200,0.0,0.0
2023-06-16T00:00:00.000000000-0400,102.11000061035156,102.25499725341797,102.05000305175781,102.25800323486328,16386,0.0,0.0
2023-06-20T00:00:00.000000000-0400,102.07499694824219,102.375,101.91999816894531,102.125,13516,0.0,0.0
2023-06-21T00:00:00.000000000-0400,102.08999633789062,102.30500030517578,101.62000274658203,101.6760025024414,12795,0.0,0.0
2023-06-22T00:00:00.000000000-0400,101.66500091552734,102.08499908447266,101.48500061035156,101.99400329589844,13595,0.0,0.0
2023-06-23T00:00:00.000000000-0400,102.00499725341797,102.78500366210938,101.98500061035156,102.54199981689453,13130,0.0,0.0
2023-06-26T00:00:00.000000000-0400,102.51000213623047,102.51000213623047,102.25,102.33399963378906,8362,0.0,0.0
2023-06-27T00:00:00.000000000-0400,102.38500213623047,102.44499969482422,101.95999908447266,102.12699890136719,10819,0.0,0.0
2023-06-28T00:00:00.000000000-0400,102.15499877929688,102.81500244140625,102.12000274658203,102.5479965209961,13319,0.0,0.0
2023-06-29T00:00:00.000000000-0400,102.625,103.11000061035156,102.45500183105469,103.00800323486328,13451,0.0,0.0
2023-06-30T00:00:00.000000000-0400,103.0250015258789,103.2300033569336,102.43000030517578,102.58699798583984,12821,0.0,0.0
2023-07-03T00:00:00.000000000-0400,102.6449966430664,102.95500183105469,102.41500091552734,102.65399932861328,9269,0.0,0.0
2023-07-05T00:00:00.000000000-0400,102.7300033569336,103.05500030517578,102.62999725341797,103.03500366210938,11659,0.0,0.0
2023-07-06T00:00:00.000000000-0400,103.0250015258789,103.2750015258789,102.6050033569336,102.86699676513672,21210,0.0,0.0
2023-07-07T00:00:00.000000000-0400,102.78500366210938,102.875,101.91000366210938,101.94999694824219,19418,0.0,0.0
2023-07-10T00:00:00.000000000-0400,101.97000122070312,102.23500061035156,101.61000061035156,101.64199829101562,13109,0.0,0.0
2023-07-11T00:00:00.000000000-0400,101.61000061035156,101.6500015258789,101.31500244140625,101.40299987792969,11730,0.0,0.0
2023-07-12T00:00:00.000000000-0400,101.29499816894531,101.29499816894531,100.18000030517578,100.19300079345703,21382,0.0,0.0
2023-07-13T00:00:00.000000000-0400,100.20500183105469,100.29499816894531,99.42500305175781,99.45600128173828,25270,0.0,0.0
2023-07-14T00:00:00.000000000-0400,99.46499633789062,99.70500183105469,99.26000213623047,99.6050033569336,17931,0.0,0.0
2023-07-17T00:00:00.000000000-0400,99.66500091552734,99.86499786376953,99.44999694824219,99.52899932861328,14607,0.0,0.0
2023-07-18T00:00:00.000000000-0400,99.59500122070312,99.79000091552734,99.22000122070312,99.625,19202,0.0,0.0
2023-07-19T00:00:00.000000000-0400,99.6500015258789,100.24500274658203,99.6050033569336,99.98799896240234,13466,0.0,0.0
2023-07-20T00:00:00.000000000-0400,99.96499633789062,100.68499755859375,99.74500274658203,100.59700012207031,15091,0.0,0.0
2023-07-21T00:00:00.000000000-0400,100.50499725341797,100.92500305175781,100.44999694824219,100.7979965209961,13828,0.0,0.0
2023-07-24T00:00:00.000000000-0400,100.71499633789062,101.16000366210938,100.625,101.08300018310547,14265,0.0,0.0
2023-07-25T00:00:00.000000000-0400,101.1500015258789,101.3949966430664,100.93000030517578,101.09600067138672,10854,0.0,0.0
2023-07-26T00:00:00.000000000-0400,101.05500030517578,101.19000244140625,100.59500122070312,100.63600158691406,18449,0.0,0.0
2023-07-27T00:00:00.000000000-0400,100.84500122070312,101.61499786376953,100.31999969482422,101.54399871826172,24611,0.0,0.0
2023-07-28T00:00:00.000000000-0400,101.4800033569336,101.82499694824219,101.09500122070312,101.39900207519531,19385,0.0,0.0
2023-07-31T00:00:00.000000000-0400,101.45999908447266,101.66500091552734,101.29499816894531,101.6259994506836,12464,0.0,0.0
2023-08-01T00:00:00.000000000-0400,101.66000366210938,102.2249984741211,101.62000274658203,102.08499908447266,14725,0.0,0.0
2023-08-02T00:00:00.000000000-0400,101.81500244140625,102.58000183105469,101.78500366210938,102.38899993896484,12795,0.0,0.0
2023-08-03T00:00:00.000000000-0400,102.41500091552734,102.65499877929688,102.17500305175781,102.3499984741211,15138,0.0,0.0
2023-08-04T00:00:00.000000000-0400,102.29000091552734,102.44999694824219,101.55000305175781,101.83599853515625,18985,0.0,0.0
2023-08-07T00:00:00.000000000-0400,101.83999633789062,102.19000244140625,101.7699966430664,101.86100006103516,8180,0.0,0.0
2023-08-08T00:00:00.000000000-0400,101.8949966430664,102.62999725341797,101.88500213623047,102.33999633789062,11412,0.0,0.0
2023-08-09T00:00:00.000000000-0400,102.3499984741211,102.40499877929688,102.12000274658203,102.31199645996094,8116,0.0,0.0
2023-08-10T00:00:00.000000000-0400,102.33000183105469,102.5,101.5999984741211,102.36699676513672,17705,0.0,0.0
2023-08-11T00:00:00.000000000-0400,102.48999786376953,102.76499938964844,102.26499938964844,102.68900299072266,17970,0.0,0.0
2023-08-14T00:00:00.000000000-0400,102.71499633789062,103.32499694824219,102.62999725341797,103.05799865722656,16466,0.0,0.0
2023-08-15T00:00:00.000000000-0400,103.00499725341797,103.16000366210938,102.68000030517578,103.09500122070312,18642,0.0,0.0
2023-08-16T00:00:00.000000000-0400,103.09500122070312,103.41000366210938,102.82499694824219,103.31900024414062,14041,0.0,0.0
2023-08-17T00:00:00.000000000-0400,103.36499786376953,103.49500274658203,102.94499969482422,103.47000122070312,16785,0.0,0.0
2023-08-18T00:00:00.000000000-0400,103.30999755859375,103.57499694824219,103.12999725341797,103.2760009765625,12519,0.0,0.0
2023-08-21T00:00:00.000000000-0400,103.2699966430664,103.41000366210938,103.05000305175781,103.20600128173828,12438,0.0,0.0
2023-08-22T00:00:00.000000000-0400,103.22000122070312,103.625,102.92500305175781,103.4729995727539,16277,0.0,0.0
2023-08-23T00:00:00.000000000-0400,103.51499938964844,103.90499877929688,103.21499633789062,103.33300018310547,19579,0.0,0.0
2023-08-24T00:00:00.000000000-0400,103.2750015258789,103.96499633789062,103.19000244140625,103.91899871826172,16063,0.0,0.0
2023-08-25T00:00:00.000000000-0400,104.01499938964844,104.38500213623047,103.67500305175781,104.01300048828125,20825,0.0,0.0
2023-08-28T00:00:00.000000000-0400,104.15499877929688,104.15499877929688,103.92500305175781,103.99199676513672,9950,0.0,0.0
2023-08-29T00:00:00.000000000-0400,103.90499877929688,104.29499816894531,103.30500030517578,103.47100067138672,18400,0.0,0.0
2023-08-30T00:00:00.000000000-0400,103.4800033569336,103.63500213623047,102.8550033569336,103.09300231933594,18829,0.0,0.0
2023-08-31T00:00:00.000000000-0400,103.08499908447266,103.69000244140625,102.95500183105469,103.58699798583984,17585,0.0,0.0
2023-09-01T00:00:00.000000000-0400,103.58499908447266,104.25499725341797,103.21499633789062,104.19100189208984,19162,0.0,0.0
2023-09-05T00:00:00.000000000-0400,104.0999984741211,104.8550033569336,104.06999969482422,104.76300048828125,15419,0.0,0.0
2023-09-06T00:00:00.000000000-0400,104.72000122070312,105.01499938964844,104.55000305175781,104.82099914550781,12581,0.0,0.0
2023-09-07T00:00:00.000000000-0400,104.83000183105469,105.125,104.78500366210938,105.02799987792969,15068,0.0,0.0
2023-09-08T00:00:00.000000000-0400,105.0199966430664,105.06999969482422,104.62999725341797,105.06600189208984,21732,0.0,0.0
2023-09-11T00:00:00.000000000-0400,104.83999633789062,104.90499877929688,104.38999938964844,104.53900146484375,17462,0.0,0.0
2023-09-12T00:00:00.000000000-0400,104.55999755859375,104.90499877929688,104.4000015258789,104.69000244140625,16201,0.0,0.0
2023-09-13T00:00:00.000000000-0400,104.58499908447266,105.0,104.5,104.7490005493164,24403,0.0,0.0
2023-09-14T00:00:00.000000000-0400,104.75,105.43000030517578,104.56500244140625,105.3949966430664,24243,0.0,0.0
2023-09-15T00:00:00.000000000-0400,105.4000015258789,105.41999816894531,105.08499908447266,105.32499694824219,9744,0.0,0.0
2023-09-18T00:00:00.000000000-0400,105.26000213623047,105.30000305175781,105.19999694824219,105.29199981689453,8977,0.0,0.0
2023-09-19T00:00:00.000000000-0400,104.76000213623047,104.88999938964844,104.46499633789062,104.83200073242188,10307,0.0,0.0
2023-09-20T00:00:00.000000000-0400,104.79000091552734,105.125,104.34500122070312,104.78800201416016,15432,0.0,0.0
2023-09-21T00:00:00.000000000-0400,105.12999725341797,105.44000244140625,104.95999908447266,105.04399871826172,16093,0.0,0.0
2023-09-22T00:00:00.000000000-0400,105.08499908447266,105.46499633789062,104.99500274658203,105.26000213623047,13220,0.0,0.0
2023-09-25T00:00:00.000000000-0400,105.26000213623047,105.78500366210938,105.19999694824219,105.69000244140625,12605,0.0,0.0
2023-09-26T00:00:00.000000000-0400,105.6449966430664,105.95999908447266,105.55999755859375,105.93000030517578,11634,0.0,0.0
2023-09-27T00:00:00.000000000-0400,105.91000366210938,106.54000091552734,105.87000274658203,106.36599731445312,18684,0.0,0.0
2023-09-28T00:00:00.000000000-0400,106.38500213623047,106.4749984741211,105.73500061035156,105.93299865722656,19728,0.0,0.0
2023-09-29T00:00:00.000000000-0400,105.875,105.94000244140625,105.33499908447266,105.81500244140625,25038,0.0,0.0
2023-10-02T00:00:00.000000000-0400,105.87999725341797,106.73999786376953,105.75,106.60600280761719,18681,0.0,0.0
2023-10-03T00:00:00.000000000-0400,106.70999908447266,107.05000305175781,106.51000213623047,106.71900177001953,21661,0.0,0.0
2023-10-04T00:00:00.000000000-0400,106.80999755859375,106.97000122070312,106.24500274658203,106.52999877929688,16093,0.0,0.0
2023-10-05T00:00:00.000000000-0400,106.5250015258789,106.61000061035156,106.05000305175781,106.06500244140625,16177,0.0,0.0
2023-10-06T00:00:00.000000000-0400,106.0999984741211,106.70500183105469,105.68000030517578,105.78399658203125,22168,0.0,0.0
2023-10-09T00:00:00.000000000-0400,106.00499725341797,106.33999633789062,105.76000213623047,105.81099700927734,14452,0.0,0.0
2023-10-10T00:00:00.000000000-0400,105.71499633789062,105.98999786376953,105.41000366210938,105.55699920654297,14802,0.0,0.0
2023-10-11T00:00:00.000000000-0400,105.50499725341797,105.76499938964844,105.30500030517578,105.56900024414062,15336,0.0,0.0
2023-10-12T00:00:00.000000000-0400,105.44499969482422,106.375,105.29000091552734,106.36699676513672,15229,0.0,0.0
2023-10-13T00:00:00.000000000-0400,106.29000091552734,106.56500244140625,106.05999755859375,106.43399810791016,13276,0.0,0.0
2023-10-16T00:00:00.000000000-0400,106.40499877929688,106.41500091552734,105.9749984741211,106.03399658203125,14011,0.0,0.0
2023-10-17T00:00:00.000000000-0400,106.04000091552734,106.31500244140625,105.80999755859375,106.0459976196289,16445,0.0,0.0
2023-10-18T00:00:00.000000000-0400,106.0199966430664,106.43499755859375,105.80500030517578,106.35399627685547,13440,0.0,0.0
2023-10-19T00:00:00.000000000-0400,106.37000274658203,106.48500061035156,105.74500274658203,106.0459976196289,17783,0.0,0.0
2023-10-20T00:00:00.000000000-0400,106.02999877929688,106.2300033569336,105.88500213623047,105.98799896240234,10754,0.0,0.0
2023-10-23T00:00:00.000000000-0400,105.98500061035156,106.1500015258789,105.31500244140625,105.33399963378906,15883,0.0,0.0
2023-10-24T00:00:00.000000000-0400,105.3949966430664,106.13500213623047,105.15499877929688,106.08000183105469,19120,0.0,0.0
2023-10-25T00:00:00.000000000-0400,106.05000305175781,106.3949966430664,105.96499633789062,106.35199737548828,11871,0.0,0.0
2023-10-26T00:00:00.000000000-0400,106.4000015258789,106.77999877929688,106.36000061035156,106.4219970703125,16599,0.0,0.0
2023-10-27T00:00:00.000000000-0400,106.41999816894531,106.625,106.13500213623047,106.37999725341797,15798,0.0,0.0
2023-10-30T00:00:00.000000000-0400,106.37999725341797,106.52999877929688,105.875,105.93399810791016,13059,0.0,0.0
2023-10-31T00:00:00.000000000-0400,105.99500274658203,106.69000244140625,105.7249984741211,106.49400329589844,18445,0.0,0.0
2023-11-01T00:00:00.000000000-0400,106.52999877929688,106.98500061035156,106.44999694824219,106.71499633789062,21851,0.0,0.0
2023-11-02T00:00:00.000000000-0400,106.33499908447266,106.33499908447266,105.6500015258789,105.97699737548828,16204,0.0,0.0
2023-11-03T00:00:00.000000000-0400,106.04499816894531,106.07499694824219,104.77999877929688,104.85900115966797,26327,0.0,0.0
2023-11-06T00:00:00.000000000-0500,104.91500091552734,105.12000274658203,104.69000244140625,105.0459976196289,13611,0.0,0.0
2023-11-07T00:00:00.000000000-0500,105.12999725341797,105.61000061035156,105.12999725341797,105.37300109863281,14564,0.0,0.0
2023-11-08T00:00:00.000000000-0500,105.44000244140625,105.71499633789062,105.29499816894531,105.447998046875,11930,0.0,0.0
2023-11-09T00:00:00.000000000-0500,105.43000030517578,105.83000183105469,105.23999786376953,105.77999877929688,16141,0.0,0.0
2023-11-10T00:00:00.000000000-0500,105.76000213623047,105.95999908447266,105.59500122070312,105.7249984741211,10683,0.0,0.0
2023-11-13T00:00:00.000000000-0500,105.63500213623047,105.81999969482422,105.44499969482422,105.50299835205078,10155,0.0,0.0
2023-11-14T00:00:00.000000000-0500,105.54000091552734,105.76499938964844,103.83999633789062,103.90699768066406,30999,0.0,0.0
2023-11-15T00:00:00.000000000-0500,104.04499816894531,104.37000274658203,103.80999755859375,104.26499938964844,20711,0.0,0.0
2023-11-16T00:00:00.000000000-0500,104.2249984741211,104.44000244140625,103.87999725341797,104.23300170898438,15825,0.0,0.0
2023-11-17T00:00:00.000000000-0500,104.25,104.42500305175781,103.68000030517578,103.79499816894531,15849,0.0,0.0
2023-11-20T00:00:00.000000000-0500,103.70999908447266,103.8550033569336,103.25499725341797,103.31700134277344,14124,0.0,0.0
2023-11-21T00:00:00.000000000-0500,103.30999755859375,103.5999984741211,103.06999969482422,103.4489974975586,15211,0.0,0.0
2023-11-22T00:00:00.000000000-0500,103.43499755859375,104.11499786376953,103.375,103.82499694824219,18382,0.0,0.0
2023-11-23T00:00:00.000000000-0500,103.73999786376953,103.77999877929688,103.43000030517578,103.82499694824219,6686,0.0,0.0
2023-11-24T00:00:00.000000000-0500,103.62999725341797,103.74500274658203,103.25499725341797,103.30400085449219,9236,0.0,0.0
2023-11-27T00:00:00.000000000-0500,103.31500244140625,103.44000244140625,103.05999755859375,103.1050033569336,11782,0.0,0.0
2023-11-28T00:00:00.000000000-0500,103.04499816894531,103.2249984741211,102.51499938964844,102.64900207519531,17213,0.0,0.0
2023-11-29T00:00:00.000000000-0500,102.49500274658203,102.93000030517578,102.37999725341797,102.6760025024414,16035,0.0,0.0
2023-11-30T00:00:00.000000000-0500,102.66000366210938,103.5199966430664,102.6500015258789,103.4280014038086,18870,0.0,0.0
2023-12-01T00:00:00.000000000-0500,103.29000091552734,103.66500091552734,103.05000305175781,103.19999694824219,16306,0.0,0.0
2023-12-04T00:00:00.000000000-0500,103.11499786376953,103.80000305175781,102.9800033569336,103.64700317382812,15891,0.0,0.0
2023-12-05T00:00:00.000000000-0500,103.5250015258789,104.04000091552734,103.49500274658203,103.99500274658203,15728,0.0,0.0
2023-12-06T00:00:00.000000000-0500,103.8949966430664,104.19000244140625,103.82499694824219,104.10800170898438,10101,0.0,0.0
2023-12-07T00:00:00.000000000-0500,104.11000061035156,104.16999816894531,103.21499633789062,103.50399780273438,19231,0.0,0.0
2023-12-08T00:00:00.000000000-0500,103.5,104.26499938964844,103.41000366210938,103.98300170898438,17518,0.0,0.0
2023-12-11T00:00:00.000000000-0500,103.96499633789062,104.23500061035156,103.90499877929688,104.06400299072266,12759,0.0,0.0
2023-12-12T00:00:00.000000000-0500,104.00499725341797,104.07499694824219,103.44499969482422,103.83899688720703,12438,0.0,0.0
2023-12-13T00:00:00.000000000-0500,103.79000091552734,104.01000213623047,102.73999786376953,102.8479995727539,26925,0.0,0.0
2023-12-14T00:00:00.000000000-0500,102.73999786376953,102.79000091552734,101.76499938964844,101.94000244140625,19295,0.0,0.0
2023-12-15T00:00:00.000000000-0500,102.03500366210938,102.6449966430664,101.8499984741211,102.5479965209961,7586,0.0,0.0
2023-12-18T00:00:00.000000000-0500,102.55000305175781,102.55000305175781,102.55000305175781,102.53600311279297,8319,0.0,0.0
2023-12-19T00:00:00.000000000-0500,102.1050033569336,102.26000213623047,101.68000030517578,101.7959976196289,11340,0.0,0.0
2023-12-20T00:00:00.000000000-0500,101.81500244140625,102.16999816894531,101.78500366210938,102.04000091552734,9505,0.0,0.0
2023-12-21T00:00:00.000000000-0500,101.98999786376953,102.09500122070312,101.375,101.47799682617188,10663,0.0,0.0
2023-12-22T00:00:00.000000000-0500,101.42500305175781,101.54000091552734,101.07499694824219,101.33799743652344,0,0.0,0.0
2023-12-26T00:00:00.000000000-0500,101.30999755859375,101.41000366210938,101.09500122070312,101.10399627685547,5097,0.0,0.0
2023-12-27T00:00:00.000000000-0500,101.18499755859375,101.21499633789062,100.49500274658203,100.65399932861328,9394,0.0,0.0
2023-12-28T00:00:00.000000000-0500,100.56500244140625,100.98500061035156,100.31999969482422,100.91300201416016,12280,0.0,0.0
2023-12-29T00:00:00.000000000-0500,100.86499786376953,101.11499786376953,100.75,101.02899932861328,0,0.0,0.0
2024-01-02T00:00:00.000000000-0500,101.06500244140625,101.94000244140625,101.02999877929688,101.89099884033203,14739,0.0,0.0
2024-01-03T00:00:00.000000000-0500,101.84500122070312,102.41999816894531,101.7699966430664,102.19499969482422,11860,0.0,0.0
2024-01-04T00:00:00.000000000-0500,102.16500091552734,102.24500274658203,101.86499786376953,102.13500213623047,10795,0.0,0.0
2024-01-05T00:00:00.000000000-0500,102.11000061035156,102.83000183105469,101.61499786376953,102.12899780273438,18715,0.0,0.0
2024-01-08T00:00:00.000000000-0500,102.16999816894531,102.33999633789062,101.78500366210938,101.9280014038086,11739,0.0,0.0
2024-01-09T00:00:00.000000000-0500,101.93499755859375,102.38500213623047,101.83499908447266,102.28399658203125,12113,0.0,0.0
2024-01-10T00:00:00.000000000-0500,102.2300033569336,102.36000061035156,102.05999755859375,102.08000183105469,9352,0.0,0.0
2024-01-11T00:00:00.000000000-0500,102.04000091552734,102.51000213623047,101.7750015258789,102.02400207519531,18689,0.0,0.0
2024-01-12T00:00:00.000000000-0500,102.03500366210938,102.31999969482422,101.81500244140625,102.1510009765625,15342,0.0,0.0
2024-01-16T00:00:00.000000000-0500,102.55999755859375,103.17500305175781,102.49500274658203,103.11199951171875,21045,0.0,0.0
2024-01-17T00:00:00.000000000-0500,103.06999969482422,103.44999694824219,103.0250015258789,103.20600128173828,14749,0.0,0.0
2024-01-18T00:00:00.000000000-0500,103.06500244140625,103.40499877929688,102.92500305175781,103.31199645996094,12405,0.0,0.0
2024-01-19T00:00:00.000000000-0500,103.13999938964844,103.32499694824219,103.01000213623047,103.06900024414062,9612,0.0,0.0
2024-01-22T00:00:00.000000000-0500,103.03500366210938,103.16000366210938,102.9000015258789,103.11799621582031,8962,0.0,0.0
2024-01-23T00:00:00.000000000-0500,103.13999938964844,103.6050033569336,102.77999877929688,103.4020004272461,13811,0.0,0.0
2024-01-24T00:00:00.000000000-0500,103.30500030517578,103.33999633789062,102.55500030517578,103.03900146484375,20412,0.0,0.0
2024-01-25T00:00:00.000000000-0500,103.13999938964844,103.48500061035156,102.91500091552734,103.37000274658203,15262,0.0,0.0
2024-01-26T00:00:00.000000000-0500,103.34500122070312,103.53500366210938,102.93499755859375,103.23400115966797,14223,0.0,0.0
2024-01-29T00:00:00.000000000-0500,103.30500030517578,103.63999938964844,103.21499633789062,103.4209976196289,12273,0.0,0.0
2024-01-30T00:00:00.000000000-0500,103.18000030517578,103.43499755859375,102.97000122070312,103.21499633789062,9412,0.0,0.0
2024-01-31T00:00:00.000000000-0500,103.25,103.56500244140625,102.75499725341797,103.08899688720703,25377,0.0,0.0
2024-02-01T00:00:00.000000000-0500,103.37999725341797,103.65499877929688,102.83999633789062,102.87200164794922,23798,0.0,0.0
2024-02-02T00:00:00.000000000-0500,102.8949966430664,103.8949966430664,102.73500061035156,103.78099822998047,31483,0.0,0.0
2024-02-05T00:00:00.000000000-0500,103.91000366210938,104.46499633789062,103.83999633789062,104.31900024414062,20759,0.0,0.0
2024-02-06T00:00:00.000000000-0500,104.29499816894531,104.44999694824219,103.99500274658203,104.06800079345703,15237,0.0,0.0
2024-02-07T00:00:00.000000000-0500,103.99500274658203,104.0250015258789,103.80500030517578,103.91699981689453,11263,0.0,0.0
2024-02-08T00:00:00.000000000-0500,103.88500213623047,104.30000305175781,103.83499908447266,104.03700256347656,11236,0.0,0.0
2024-02-09T00:00:00.000000000-0500,104.04499816894531,104.13500213623047,103.83000183105469,103.99299621582031,9457,0.0,0.0
2024-02-12T00:00:00.000000000-0500,103.9749984741211,104.1500015258789,103.76499938964844,104.0469970703125,9483,0.0,0.0
2024-02-13T00:00:00.000000000-0500,104.0199966430664,104.8550033569336,103.36499786376953,104.8499984741211,22571,0.0,0.0
2024-02-14T00:00:00.000000000-0500,104.75,104.875,104.54499816894531,104.61199951171875,12315,0.0,0.0
2024-02-15T00:00:00.000000000-0500,104.55500030517578,104.625,104.08000183105469,104.19999694824219,14850,0.0,0.0
2024-02-16T00:00:00.000000000-0500,104.23999786376953,104.58000183105469,104.06500244140625,104.18199920654297,13553,0.0,0.0
2024-02-20T00:00:00.000000000-0500,104.25,104.31999969482422,103.69000244140625,103.97799682617188,15476,0.0,0.0
2024-02-21T00:00:00.000000000-0500,103.94999694824219,104.125,103.84500122070312,103.91200256347656,8815,0.0,0.0
2024-02-22T00:00:00.000000000-0500,103.8499984741211,104.05999755859375,103.11499786376953,103.875,15401,0.0,0.0
2024-02-23T00:00:00.000000000-0500,103.88500213623047,103.9749984741211,103.69000244140625,103.85900115966797,8633,0.0,0.0
2024-02-26T00:00:00.000000000-0500,103.88999938964844,103.94999694824219,103.62999725341797,103.7509994506836,9869,0.0,0.0
2024-02-27T00:00:00.000000000-0500,103.71499633789062,103.86000061035156,103.54000091552734,103.75900268554688,9010,0.0,0.0
2024-02-28T00:00:00.000000000-0500,103.75,104.16999816894531,103.75,103.90399932861328,12247,0.0,0.0
2024-02-29T00:00:00.000000000-0500,103.88999938964844,104.1449966430664,103.59500122070312,104.0979995727539,18004,0.0,0.0
2024-03-01T00:00:00.000000000-0500,104.05999755859375,104.23999786376953,103.77999877929688,103.79900360107422,16876,0.0,0.0
2024-03-04T00:00:00.000000000-0500,103.79499816894531,103.91500091552734,103.67500305175781,103.77799987792969,11539,0.0,0.0
2024-03-05T00:00:00.000000000-0500,103.77999877929688,103.9000015258789,103.5199966430664,103.75299835205078,13599,0.0,0.0
2024-03-06T00:00:00.000000000-0500,103.78500366210938,103.84500122070312,103.1500015258789,103.32099914550781,20159,0.0,0.0
2024-03-07T00:00:00.000000000-0500,103.25499725341797,103.32499694824219,102.76000213623047,102.77200317382812,19522,0.0,0.0
2024-03-08T00:00:00.000000000-0500,102.73500061035156,102.86499786376953,102.30000305175781,102.68800354003906,20509,0.0,0.0
2024-03-11T00:00:00.000000000-0400,102.70999908447266,102.91500091552734,102.61000061035156,102.85199737548828,19041,0.0,0.0
2024-03-12T00:00:00.000000000-0400,102.7699966430664,103.31500244140625,102.69999694824219,102.93399810791016,15464,0.0,0.0
2024-03-13T00:00:00.000000000-0400,102.91999816894531,103.0,102.6449966430664,102.76599884033203,18095,0.0,0.0
2024-03-14T00:00:00.000000000-0400,102.74500274658203,103.38500213623047,102.7249984741211,103.34200286865234,18027,0.0,0.0
2024-03-15T00:00:00.000000000-0400,103.37000274658203,103.4800033569336,103.30000305175781,103.41400146484375,4700,0.0,0.0
2024-03-18T00:00:00.000000000-0400,103.45500183105469,103.4749984741211,103.375,103.46099853515625,8713,0.0,0.0
2024-03-19T00:00:00.000000000-0400,103.22000122070312,103.70999908447266,103.20999908447266,103.48400115966797,12876,0.0,0.0
2024-03-20T00:00:00.000000000-0400,103.52999877929688,103.80999755859375,103.02999877929688,103.0459976196289,21292,0.0,0.0
2024-03-21T00:00:00.000000000-0400,102.91999816894531,103.73999786376953,102.83000183105469,103.66600036621094,21299,0.0,0.0
2024-03-22T00:00:00.000000000-0400,103.66500091552734,104.19999694824219,103.6050033569336,104.177001953125,19174,0.0,0.0
2024-03-25T00:00:00.000000000-0400,104.16500091552734,104.19000244140625,103.83999633789062,103.93399810791016,15037,0.0,0.0
2024-03-26T00:00:00.000000000-0400,103.92500305175781,104.02999877929688,103.70999908447266,103.99099731445312,8546,0.0,0.0
2024-03-27T00:00:00.000000000-0400,104.00499725341797,104.16500091552734,103.91999816894531,104.06400299072266,11294,0.0,0.0
2024-03-28T00:00:00.000000000-0400,104.13500213623047,104.44999694824219,104.02999877929688,104.26899719238281,0,0.0,0.0
2024-04-01T00:00:00.000000000-0400,104.25,104.80500030517578,104.13500213623047,104.76399993896484,15078,0.0,0.0
2024-04-02T00:00:00.000000000-0400,104.73500061035156,104.83999633789062,104.41999816894531,104.56199645996094,14857,0.0,0.0
2024-04-03T00:00:00.000000000-0400,104.52999877929688,104.58999633789062,103.97000122070312,103.99700164794922,13461,0.0,0.0
2024-04-04T00:00:00.000000000-0400,103.9800033569336,104.02999877929688,103.68000030517578,103.89099884033203,15518,0.0,0.0
2024-04-05T00:00:00.000000000-0400,104.00499725341797,104.45999908447266,103.91000366210938,104.07099914550781,18002,0.0,0.0
2024-04-08T00:00:00.000000000-0400,104.05999755859375,104.20999908447266,103.86000061035156,103.9020004272461,14702,0.0,0.0
2024-04-09T00:00:00.000000000-0400,103.87000274658203,103.9749984741211,103.6449966430664,103.9219970703125,9435,0.0,0.0
2024-04-10T00:00:00.000000000-0400,103.88999938964844,105.08499908447266,103.79499816894531,105.03099822998047,22289,0.0,0.0
2024-04-11T00:00:00.000000000-0400,105.01000213623047,105.30999755859375,104.81999969482422,105.06400299072266,18470,0.0,0.0
2024-04-12T00:00:00.000000000-0400,105.06999969482422,105.9000015258789,105.0250015258789,105.83200073242188,15714,0.0,0.0
2024-04-15T00:00:00.000000000-0400,105.83000183105469,106.04499816894531,105.63999938964844,105.99800109863281,12782,0.0,0.0
2024-04-16T00:00:00.000000000-0400,105.98999786376953,106.32499694824219,105.87000274658203,106.06500244140625,16567,0.0,0.0
2024-04-17T00:00:00.000000000-0400,106.16000366210938,106.25499725341797,105.68499755859375,105.76399993896484,15884,0.0,0.0
2024-04-18T00:00:00.000000000-0400,105.79000091552734,106.01000213623047,105.56999969482422,105.98200225830078,13617,0.0,0.0
2024-04-19T00:00:00.000000000-0400,106.0,106.18499755859375,105.66999816894531,105.98400115966797,16547,0.0,0.0
2024-04-22T00:00:00.000000000-0400,105.88500213623047,106.23500061035156,105.82499694824219,105.91300201416016,13354,0.0,0.0
2024-04-23T00:00:00.000000000-0400,105.95999908447266,106.07499694824219,105.44499969482422,105.50499725341797,17737,0.0,0.0
2024-04-24T00:00:00.000000000-0400,105.5199966430664,105.79000091552734,105.42500305175781,105.69999694824219,8177,0.0,0.0
2024-04-25T00:00:00.000000000-0400,105.67500305175781,105.87000274658203,105.33000183105469,105.45099639892578,14865,0.0,0.0
2024-04-26T00:00:00.000000000-0400,105.45500183105469,106.05999755859375,105.2699966430664,105.80400085449219,19700,0.0,0.0
2024-04-29T00:00:00.000000000-0400,105.87999725341797,106.00499725341797,105.33000183105469,105.447998046875,26823,0.0,0.0
2024-04-30T00:00:00.000000000-0400,105.55999755859375,106.21499633789062,105.54000091552734,106.0999984741211,17345,0.0,0.0
2024-05-01T00:00:00.000000000-0400,106.20999908447266,106.37999725341797,105.31500244140625,105.62799835205078,30653,0.0,0.0
2024-05-02T00:00:00.000000000-0400,105.58999633789062,105.78500366210938,105.16999816894531,105.1780014038086,18589,0.0,0.0
2024-05-03T00:00:00.000000000-0400,105.17500305175781,105.24500274658203,104.41000366210938,104.91799926757812,26270,0.0,0.0
2024-05-06T00:00:00.000000000-0400,104.88999938964844,105.07499694824219,104.74500274658203,104.91899871826172,8708,0.0,0.0
2024-05-07T00:00:00.000000000-0400,105.01499938964844,105.33000183105469,104.91999816894531,105.30000305175781,9949,0.0,0.0
2024-05-08T00:00:00.000000000-0400,105.30000305175781,105.53500366210938,105.27999877929688,105.4260025024414,8461,0.0,0.0
2024-05-09T00:00:00.000000000-0400,105.41000366210938,105.63999938964844,105.06500244140625,105.10399627685547,12639,0.0,0.0
2024-05-10T00:00:00.000000000-0400,105.08499908447266,105.27999877929688,105.01000213623047,105.17500305175781,12686,0.0,0.0
2024-05-13T00:00:00.000000000-0400,105.16999816894531,105.23999786376953,104.92500305175781,105.10299682617188,6966,0.0,0.0
2024-05-14T00:00:00.000000000-0400,105.06999969482422,105.37999725341797,104.83499908447266,104.89199829101562,9567,0.0,0.0
2024-05-15T00:00:00.000000000-0400,104.93499755859375,104.94000244140625,104.15499877929688,104.21199798583984,20950,0.0,0.0
2024-05-16T00:00:00.000000000-0400,104.1050033569336,104.5,103.96499633789062,104.34500122070312,15313,0.0,0.0
2024-05-17T00:00:00.000000000-0400,104.38999938964844,104.68499755859375,104.27999877929688,104.33000183105469,11708,0.0,0.0
2024-05-20T00:00:00.000000000-0400,104.37000274658203,104.54000091552734,104.29000091552734,104.45999908447266,8812,0.0,0.0
2024-05-21T00:00:00.000000000-0400,104.48999786376953,104.66999816894531,104.36499786376953,104.55599975585938,12268,0.0,0.0
2024-05-22T00:00:00.000000000-0400,104.53500366210938,104.87999725341797,104.44999694824219,104.83599853515625,13218,0.0,0.0
2024-05-23T00:00:00.000000000-0400,104.83999633789062,105.04000091552734,104.4749984741211,105.03600311279297,15071,0.0,0.0
2024-05-24T00:00:00.000000000-0400,104.98999786376953,105.05000305175781,104.55000305175781,104.63800048828125,10419,0.0,0.0
2024-05-28T00:00:00.000000000-0400,104.48999786376953,104.55999755859375,104.26000213623047,104.53900146484375,11017,0.0,0.0
2024-05-29T00:00:00.000000000-0400,104.58999633789062,105.08499908447266,104.51499938964844,105.03399658203125,17660,0.0,0.0
2024-05-30T00:00:00.000000000-0400,105.09500122070312,105.13500213623047,104.57499694824219,104.65799713134766,17828,0.0,0.0
2024-05-31T00:00:00.000000000-0400,104.7300033569336,104.8499984741211,104.30999755859375,104.62699890136719,13901,0.0,0.0
2024-06-03T00:00:00.000000000-0400,104.56500244140625,104.72000122070312,103.98999786376953,104.0780029296875,20750,0.0,0.0
2024-06-04T00:00:00.000000000-0400,104.00499725341797,104.28500366210938,103.93499755859375,104.0510025024414,16439,0.0,0.0
2024-06-05T00:00:00.000000000-0400,104.11000061035156,104.40499877929688,104.07499694824219,104.22100067138672,13913,0.0,0.0
2024-06-06T00:00:00.000000000-0400,104.2300033569336,104.33000183105469,104.01499938964844,104.05699920654297,15732,0.0,0.0
2024-06-07T00:00:00.000000000-0400,104.08499908447266,104.91500091552734,103.4800033569336,104.8550033569336,24316,0.0,0.0
2024-06-10T00:00:00.000000000-0400,105.01499938964844,105.3550033569336,105.00499725341797,105.11199951171875,21087,0.0,0.0
2024-06-11T00:00:00.000000000-0400,105.125,105.43499755859375,105.06500244140625,105.1989974975586,13285,0.0,0.0
2024-06-12T00:00:00.000000000-0400,105.25499725341797,105.30000305175781,104.23500061035156,104.61499786376953,34718,0.0,0.0
2024-06-13T00:00:00.000000000-0400,104.68499755859375,105.27999877929688,104.62999725341797,105.18699645996094,35094,0.0,0.0
2024-06-14T00:00:00.000000000-0400,105.25,105.80500030517578,105.18499755859375,105.54499816894531,14162,0.0,0.0
2024-06-17T00:00:00.000000000-0400,105.53500366210938,105.625,105.52999877929688,105.56400299072266,11482,0.0,0.0
2024-06-18T00:00:00.000000000-0400,104.9000015258789,105.18000030517578,104.73500061035156,104.8759994506836,13072,0.0,0.0
2024-06-20T00:00:00.000000000-0400,104.86499786376953,105.31500244140625,104.86499786376953,105.22699737548828,12504,0.0,0.0
2024-06-21T00:00:00.000000000-0400,105.29499816894531,105.55999755859375,105.18000030517578,105.44300079345703,9476,0.0,0.0
2024-06-24T00:00:00.000000000-0400,105.49500274658203,105.55500030517578,105.01499938964844,105.12100219726562,9007,0.0,0.0
2024-06-25T00:00:00.000000000-0400,105.17500305175781,105.43000030517578,105.02999877929688,105.25900268554688,8352,0.0,0.0
2024-06-26T00:00:00.000000000-0400,105.33499908447266,105.79000091552734,105.26499938964844,105.71399688720703,10618,0.0,0.0
2024-06-27T00:00:00.000000000-0400,105.73999786376953,105.76000213623047,105.375,105.57099914550781,9853,0.0,0.0
2024-06-28T00:00:00.000000000-0400,105.56500244140625,105.80000305175781,105.41500091552734,105.54499816894531,11986,0.0,0.0
2024-07-01T00:00:00.000000000-0400,105.3949966430664,105.65499877929688,105.1050033569336,105.58699798583984,18383,0.0,0.0
2024-07-02T00:00:00.000000000-0400,105.53500366210938,105.73999786376953,105.36000061035156,105.40699768066406,11594,0.0,0.0
2024-07-03T00:00:00.000000000-0400,105.36000061035156,105.48500061035156,104.71499633789062,105.0770034790039,14497,0.0,0.0
2024-07-05T00:00:00.000000000-0400,104.8499984741211,104.8550033569336,104.5,104.5479965209961,12488,0.0,0.0
2024-07-08T00:00:00.000000000-0400,104.65499877929688,104.70500183105469,104.4749984741211,104.66799926757812,10456,0.0,0.0
2024-07-09T00:00:00.000000000-0400,104.66500091552734,104.88999938964844,104.625,104.80699920654297,9864,0.0,0.0
2024-07-10T00:00:00.000000000-0400,104.79499816894531,104.8550033569336,104.68000030517578,104.72899627685547,8009,0.0,0.0
2024-07-11T00:00:00.000000000-0400,104.68499755859375,104.69999694824219,103.7750015258789,104.13099670410156,36152,0.0,0.0
2024-07-12T00:00:00.000000000-0400,104.04000091552734,104.26499938964844,103.7249984741211,103.78299713134766,15936,0.0,0.0
2024-07-15T00:00:00.000000000-0400,103.87000274658203,104.00499725341797,103.69000244140625,103.88200378417969,21257,0.0,0.0
2024-07-16T00:00:00.000000000-0400,103.95500183105469,104.19999694824219,103.88999938964844,103.95899963378906,13117,0.0,0.0
2024-07-17T00:00:00.000000000-0400,103.9000015258789,103.98500061035156,103.33999633789062,103.44300079345703,22158,0.0,0.0
2024-07-18T00:00:00.000000000-0400,103.37999725341797,103.93499755859375,103.375,103.88500213623047,14858,0.0,0.0
2024-07-19T00:00:00.000000000-0400,103.87999725341797,104.13500213623047,103.8550033569336,104.11199951171875,8810,0.0,0.0
2024-07-22T00:00:00.000000000-0400,104.0250015258789,104.1449966430664,103.88999938964844,104.03700256347656,7412,0.0,0.0
2024-07-23T00:00:00.000000000-0400,104.04499816894531,104.26000213623047,103.93000030517578,104.17500305175781,8510,0.0,0.0
2024-07-24T00:00:00.000000000-0400,104.22000122070312,104.28500366210938,103.84500122070312,104.12200164794922,14872,0.0,0.0
2024-07-25T00:00:00.000000000-0400,104.12000274658203,104.20999908447266,103.83000183105469,104.10800170898438,14725,0.0,0.0
2024-07-26T00:00:00.000000000-0400,104.0999984741211,104.20500183105469,103.94999694824219,104.05899810791016,9456,0.0,0.0
2024-07-29T00:00:00.000000000-0400,104.06500244140625,104.51499938964844,103.88500213623047,104.31400299072266,14024,0.0,0.0
2024-07-30T00:00:00.000000000-0400,104.3499984741211,104.55999755859375,104.2300033569336,104.31900024414062,13837,0.0,0.0
2024-07-31T00:00:00.000000000-0400,104.2300033569336,104.30500030517578,103.62000274658203,103.85900115966797,22366,0.0,0.0
2024-08-01T00:00:00.000000000-0400,103.84500122070312,104.23500061035156,103.62999725341797,104.20500183105469,17983,0.0,0.0
2024-08-02T00:00:00.000000000-0400,104.1500015258789,104.22000122070312,102.91000366210938,102.98799896240234,34681,0.0,0.0
2024-08-05T00:00:00.000000000-0400,102.98999786376953,103.06500244140625,101.96499633789062,102.48300170898438,59112,0.0,0.0
2024-08-06T00:00:00.000000000-0400,102.65499877929688,103.01499938964844,102.49500274658203,102.75800323486328,22556,0.0,0.0
2024-08-07T00:00:00.000000000-0400,102.7699966430664,103.16000366210938,102.70500183105469,102.99800109863281,15338,0.0,0.0
2024-08-08T00:00:00.000000000-0400,102.91999816894531,103.3550033569336,102.73500061035156,103.02200317382812,14496,0.0,0.0
2024-08-09T00:00:00.000000000-0400,103.08499908447266,103.11000061035156,102.84500122070312,102.95700073242188,8903,0.0,0.0
2024-08-12T00:00:00.000000000-0400,102.93000030517578,103.12999725341797,102.91000366210938,102.96099853515625,7164,0.0,0.0
2024-08-13T00:00:00.000000000-0400,102.91500091552734,103.0999984741211,102.36000061035156,102.37999725341797,12003,0.0,0.0
2024-08-14T00:00:00.000000000-0400,102.42500305175781,102.53500366210938,102.0999984741211,102.38500213623047,13038,0.0,0.0
2024-08-15T00:00:00.000000000-0400,102.43499755859375,103.06999969482422,102.375,102.80799865722656,12272,0.0,0.0
2024-08-16T00:00:00.000000000-0400,102.875,102.8949966430664,102.2300033569336,102.30699920654297,9375,0.0,0.0
2024-08-19T00:00:00.000000000-0400,102.20999908447266,102.33000183105469,101.69999694824219,101.73100280761719,12226,0.0,0.0
2024-08-20T00:00:00.000000000-0400,101.71499633789062,101.86000061035156,101.2249984741211,101.29900360107422,13487,0.0,0.0
2024-08-21T00:00:00.000000000-0400,101.26000213623047,101.55500030517578,100.77999877929688,100.91000366210938,16387,0.0,0.0
2024-08-22T00:00:00.000000000-0400,101.01499938964844,101.50499725341797,100.93499755859375,101.39900207519531,15289,0.0,0.0
2024-08-23T00:00:00.000000000-0400,101.36499786376953,101.4749984741211,100.48500061035156,100.60600280761719,24724,0.0,0.0
2024-08-26T00:00:00.000000000-0400,100.58499908447266,100.81500244140625,100.42500305175781,100.74099731445312,11834,0.0,0.0
2024-08-27T00:00:00.000000000-0400,100.76499938964844,100.82499694824219,100.4000015258789,100.45500183105469,15215,0.0,0.0
2024-08-28T00:00:00.000000000-0400,100.50499725341797,101.07499694824219,100.50499725341797,100.98999786376953,13677,0.0,0.0
2024-08-29T00:00:00.000000000-0400,100.95999908447266,101.51000213623047,100.80999755859375,101.2699966430664,14748,0.0,0.0
2024-08-30T00:00:00.000000000-0400,101.26000213623047,101.71499633789062,101.16500091552734,101.6240005493164,14853,0.0,0.0
2024-09-03T00:00:00.000000000-0400,101.61499786376953,101.8550033569336,101.45999908447266,101.76599884033203,16665,0.0,0.0
2024-09-04T00:00:00.000000000-0400,101.6449966430664,101.7249984741211,101.18000030517578,101.3010025024414,14217,0.0,0.0
2024-09-05T00:00:00.000000000-0400,101.23500061035156,101.33499908447266,100.91500091552734,101.0739974975586,15786,0.0,0.0
2024-09-06T00:00:00.000000000-0400,101.01000213623047,101.36499786376953,100.5250015258789,101.14299774169922,35050,0.0,0.0
2024-09-09T00:00:00.000000000-0400,101.1449966430664,101.66500091552734,101.1050033569336,101.51799774169922,35050,0.0,0.0
2024-09-10T00:00:00.000000000-0400,101.62999725341797,101.73999786376953,101.51499938964844,101.5979995727539,10703,0.0,0.0
2024-09-11T00:00:00.000000000-0400,101.62999725341797,101.80500030517578,101.23999786376953,101.65799713134766,27567,0.0,0.0
2024-09-12T00:00:00.000000000-0400,101.76000213623047,101.83000183105469,101.2249984741211,101.35099792480469,23235,0.0,0.0
2024-09-13T00:00:00.000000000-0400,101.18000030517578,101.18499755859375,100.88500213623047,101.12000274658203,7854,0.0,0.0
2024-09-16T00:00:00.000000000-0400,101.03500366210938,101.03500366210938,100.63500213623047,100.71099853515625,15177,0.0,0.0
2024-09-17T00:00:00.000000000-0400,100.37999725341797,100.69000244140625,100.23999786376953,100.56700134277344,17177,0.0,0.0
2024-09-18T00:00:00.000000000-0400,100.59500122070312,100.83499908447266,99.88500213623047,100.28199768066406,43466,0.0,0.0
2024-09-19T00:00:00.000000000-0400,100.70999908447266,101.18000030517578,100.22000122070312,100.32099914550781,34732,0.0,0.0
2024-09-20T00:00:00.000000000-0400,100.38999938964844,100.73500061035156,100.125,100.4229965209961,24452,0.0,0.0
2024-09-23T00:00:00.000000000-0400,100.45999908447266,100.94000244140625,100.43499755859375,100.55999755859375,23443,0.0,0.0
2024-09-24T00:00:00.000000000-0400,100.6500015258789,100.7699966430664,100.03500366210938,100.15899658203125,25822,0.0,0.0
2024-09-25T00:00:00.000000000-0400,99.97000122070312,100.70500183105469,99.91500091552734,100.6240005493164,18307,0.0,0.0
2024-09-26T00:00:00.000000000-0400,100.66000366210938,100.68000030517578,100.18000030517578,100.24600219726562,21450,0.0,0.0
2024-09-27T00:00:00.000000000-0400,100.32499694824219,100.61000061035156,99.86499786376953,100.10900115966797,23868,0.0,0.0
2024-09-30T00:00:00.000000000-0400,100.22000122070312,100.66500091552734,99.9000015258789,100.52100372314453,21482,0.0,0.0
2024-10-01T00:00:00.000000000-0400,100.48500061035156,101.13500213623047,100.43499755859375,100.93099975585938,23209,0.0,0.0
2024-10-02T00:00:00.000000000-0400,101.00499725341797,101.44000244140625,100.88999938964844,101.42500305175781,23487,0.0,0.0
2024-10-03T00:00:00.000000000-0400,101.40499877929688,101.88999938964844,101.40499877929688,101.75,29923,0.0,0.0
2024-10-04T00:00:00.000000000-0400,101.68499755859375,102.44999694824219,101.58000183105469,102.2750015258789,33662,0.0,0.0
2024-10-07T00:00:00.000000000-0400,102.31500244140625,102.37999725341797,102.125,102.3010025024414,29006,0.0,0.0
2024-10-08T00:00:00.000000000-0400,102.24500274658203,102.41500091552734,102.05000305175781,102.3030014038086,22346,0.0,0.0
2024-10-09T00:00:00.000000000-0400,102.24500274658203,102.70500183105469,102.22000122070312,102.69499969482422,20353,0.0,0.0
2024-10-10T00:00:00.000000000-0400,102.66500091552734,102.96499633789062,102.4749984741211,102.77300262451172,27189,0.0,0.0
2024-10-11T00:00:00.000000000-0400,102.66999816894531,102.77999877929688,102.55500030517578,102.677001953125,9515,0.0,0.0
2024-10-14T00:00:00.000000000-0400,102.69999694824219,103.1500015258789,102.69999694824219,103.08200073242188,15846,0.0,0.0
2024-10-15T00:00:00.000000000-0400,102.99500274658203,103.1449966430664,102.82499694824219,103.05500030517578,16976,0.0,0.0
2024-10-16T00:00:00.000000000-0400,103.06999969482422,103.41500091552734,102.96499633789062,103.4000015258789,18939,0.0,0.0
2024-10-17T00:00:00.000000000-0400,103.34500122070312,103.69499969482422,103.25499725341797,103.6520004272461,18476,0.0,0.0
2024-10-18T00:00:00.000000000-0400,103.58999633789062,103.62000274658203,103.27999877929688,103.30699920654297,16277,0.0,0.0
2024-10-21T00:00:00.000000000-0400,103.31999969482422,103.84500122070312,103.24500274658203,103.83399963378906,16341,0.0,0.0
2024-10-22T00:00:00.000000000-0400,103.80000305175781,103.94999694824219,103.65499877929688,103.90899658203125,18587,0.0,0.0
2024-10-23T00:00:00.000000000-0400,103.92500305175781,104.41000366210938,103.92500305175781,104.2770004272461,21155,0.0,0.0
2024-10-24T00:00:00.000000000-0400,104.30000305175781,104.30999755859375,103.87000274658203,103.91899871826172,23455,0.0,0.0
2024-10-25T00:00:00.000000000-0400,103.91000366210938,104.20500183105469,103.80000305175781,104.13200378417969,17168,0.0,0.0
2024-10-28T00:00:00.000000000-0400,104.27999877929688,104.44499969482422,103.98999786376953,104.18299865722656,21332,0.0,0.0
2024-10-29T00:00:00.000000000-0400,104.12999725341797,104.51499938964844,104.08999633789062,104.19100189208984,24453,0.0,0.0
2024-10-30T00:00:00.000000000-0400,104.125,104.31999969482422,103.8499984741211,103.86199951171875,27933,0.0,0.0
2024-10-31T00:00:00.000000000-0400,104.0,104.11000061035156,103.70500183105469,103.87799835205078,27933,0.0,0.0
2024-11-01T00:00:00.000000000-0400,103.80000305175781,104.26499938964844,103.44499969482422,104.2030029296875,21847,0.0,0.0
2024-11-04T00:00:00.000000000-0500,103.77999877929688,103.88999938964844,103.49500274658203,103.79000091552734,14665,0.0,0.0
2024-11-05T00:00:00.000000000-0500,103.81999969482422,103.87000274658203,103.28500366210938,103.3239974975586,11330,0.0,0.0
2024-11-06T00:00:00.000000000-0500,104.11000061035156,105.34500122070312,103.95999908447266,104.98500061035156,52557,0.0,0.0
2024-11-07T00:00:00.000000000-0500,105.125,105.17500305175781,104.08499908447266,104.37000274658203,31836,0.0,0.0
2024-11-08T00:00:00.000000000-0500,104.33999633789062,105.1050033569336,104.23999786376953,104.88999938964844,19801,0.0,0.0
2024-11-11T00:00:00.000000000-0500,104.95500183105469,105.61000061035156,104.83000183105469,105.45700073242188,16784,0.0,0.0
2024-11-12T00:00:00.000000000-0500,105.40499877929688,106.0999984741211,105.4000015258789,105.94999694824219,16611,0.0,0.0
2024-11-13T00:00:00.000000000-0500,105.96499633789062,106.44000244140625,105.625,106.37899780273438,23943,0.0,0.0
2024-11-14T00:00:00.000000000-0500,106.41999816894531,106.98999786376953,106.29499816894531,106.5979995727539,22654,0.0,0.0
2024-11-15T00:00:00.000000000-0500,106.81999969482422,106.8550033569336,106.25499725341797,106.61499786376953,20470,0.0,0.0
2024-11-18T00:00:00.000000000-0500,106.70500183105469,106.75,106.06500244140625,106.20099639892578,18105,0.0,0.0
2024-11-19T00:00:00.000000000-0500,106.18000030517578,106.56999969482422,106.03500366210938,106.14299774169922,18174,0.0,0.0
2024-11-20T00:00:00.000000000-0500,106.11000061035156,106.86499786376953,106.07499694824219,106.61599731445312,18292,0.0,0.0
2024-11-21T00:00:00.000000000-0500,106.55500030517578,107.11499786376953,106.41000366210938,106.93000030517578,23074,0.0,0.0
2024-11-22T00:00:00.000000000-0500,107.00499725341797,108.06999969482422,106.88500213623047,107.50700378417969,28257,0.0,0.0
2024-11-25T00:00:00.000000000-0500,106.9749984741211,107.21499633789062,106.53500366210938,106.7699966430664,21671,0.0,0.0
2024-11-26T00:00:00.000000000-0500,107.41000366210938,107.47000122070312,106.45999908447266,106.96800231933594,0,0.0,0.0
2024-11-27T00:00:00.000000000-0500,106.80000305175781,106.88999938964844,105.81500244140625,106.0479965209961,24314,0.0,0.0
2024-11-29T00:00:00.000000000-0500,105.99500274658203,106.12000274658203,105.59500122070312,105.8280029296875,18976,0.0,0.0
2024-12-02T00:00:00.000000000-0500,105.81999969482422,106.7249984741211,105.81999969482422,106.4229965209961,24591,0.0,0.0
2024-12-03T00:00:00.000000000-0500,106.45999908447266,106.58000183105469,106.06500244140625,106.33999633789062,20927,0.0,0.0
2024-12-04T00:00:00.000000000-0500,106.42500305175781,106.69999694824219,106.06500244140625,106.29000091552734,21101,0.0,0.0
2024-12-05T00:00:00.000000000-0500,106.30500030517578,106.36000061035156,105.68499755859375,105.70099639892578,19941,0.0,0.0
2024-12-06T00:00:00.000000000-0500,105.77999877929688,106.1500015258789,105.4000015258789,106.03900146484375,18945,0.0,0.0
2024-12-09T00:00:00.000000000-0500,105.96499633789062,106.19499969482422,105.77999877929688,106.125,14364,0.0,0.0
2024-12-10T00:00:00.000000000-0500,106.18000030517578,106.625,106.0199966430664,106.38200378417969,14176,0.0,0.0
2024-12-11T00:00:00.000000000-0500,106.36499786376953,106.80500030517578,106.26000213623047,106.69499969482422,29209,0.0,0.0
2024-12-12T00:00:00.000000000-0500,106.54499816894531,107.02999877929688,106.3550033569336,106.95899963378906,27399,0.0,0.0
2024-12-13T00:00:00.000000000-0500,106.96499633789062,107.18000030517578,106.73999786376953,106.99299621582031,7538,0.0,0.0
2024-12-16T00:00:00.000000000-0500,106.81500244140625,106.81500244140625,106.81500244140625,107.02999877929688,15215,0.0,0.0
2024-12-17T00:00:00.000000000-0500,106.44499969482422,106.79000091552734,106.41999816894531,106.66300201416016,12245,0.0,0.0
2024-12-18T00:00:00.000000000-0500,106.63999938964844,108.0,106.5199966430664,107.7490005493164,21476,0.0,0.0
2024-12-19T00:00:00.000000000-0500,107.83999633789062,108.2249984741211,107.56500244140625,108.1520004272461,24287,0.0,0.0
2024-12-20T00:00:00.000000000-0500,108.19000244140625,108.28500366210938,107.30500030517578,107.35099792480469,25781,0.0,0.0
2024-12-23T00:00:00.000000000-0500,107.5250015258789,108.04499816894531,107.44999694824219,107.80699920654297,15270,0.0,0.0
2024-12-24T00:00:00.000000000-0500,107.91000366210938,108.05999755859375,107.81500244140625,108.02300262451172,0,0.0,0.0
2024-12-26T00:00:00.000000000-0500,107.93499755859375,108.07499694824219,107.79499816894531,107.89299774169922,7276,0.0,0.0
2024-12-27T00:00:00.000000000-0500,107.8949966430664,107.99500274658203,107.66000366210938,107.79199981689453,12300,0.0,0.0
2024-12-30T00:00:00.000000000-0500,107.79499816894531,108.18000030517578,107.54499816894531,107.93299865722656,11951,0.0,0.0
2024-12-31T00:00:00.000000000-0500,107.8499984741211,108.37999725341797,107.66500091552734,108.2959976196289,0,0.0,0.0
2025-01-02T00:00:00.000000000-0500,108.33000183105469,109.36499786376953,108.08499908447266,109.20899963378906,26885,0.0,0.0
2025-01-03T00:00:00.000000000-0500,108.99500274658203,109.05000305175781,108.73999786376953,108.7979965209961,17961,0.0,0.0
2025-01-06T00:00:00.000000000-0500,108.77999877929688,108.90499877929688,107.57499694824219,108.10099792480469,26338,0.0,0.0
2025-01-07T00:00:00.000000000-0500,108.17500305175781,108.53500366210938,107.69000244140625,108.37799835205078,19877,0.0,0.0
2025-01-08T00:00:00.000000000-0500,108.5,109.20500183105469,108.38999938964844,108.9260025024414,19922,0.0,0.0
2025-01-09T00:00:00.000000000-0500,108.87999725341797,109.22000122070312,108.79000091552734,109.00399780273438,12161,0.0,0.0
2025-01-10T00:00:00.000000000-0500,109.02999877929688,109.82499694824219,108.91999816894531,109.48699951171875,25753,0.0,0.0
2025-01-13T00:00:00.000000000-0500,109.48999786376953,110.01499938964844,109.43000030517578,109.81199645996094,25619,0.0,0.0
2025-01-14T00:00:00.000000000-0500,109.43000030517578,109.59500122070312,109.00499725341797,109.11000061035156,28450,0.0,0.0
2025-01-15T00:00:00.000000000-0500,109.08000183105469,109.24500274658203,108.41999816894531,108.91600036621094,20501,0.0,0.0
2025-01-16T00:00:00.000000000-0500,108.875,109.26000213623047,108.67500305175781,108.81700134277344,23917,0.0,0.0
2025-01-17T00:00:00.000000000-0500,108.78500366210938,109.2750015258789,108.68000030517578,109.2030029296875,22213,0.0,0.0
2025-01-21T00:00:00.000000000-0500,108.44499969482422,108.625,107.7249984741211,107.86100006103516,22146,0.0,0.0
2025-01-22T00:00:00.000000000-0500,107.79000091552734,108.06999969482422,107.54499816894531,107.96199798583984,13723,0.0,0.0
2025-01-23T00:00:00.000000000-0500,108.05000305175781,108.36000061035156,107.7249984741211,107.86299896240234,19232,0.0,0.0
2025-01-24T00:00:00.000000000-0500,107.94999694824219,108.00499725341797,107.0199966430664,107.24500274658203,25392,0.0,0.0
2025-01-27T00:00:00.000000000-0500,107.3499984741211,107.62000274658203,106.7750015258789,107.16000366210938,18517,0.0,0.0
2025-01-28T00:00:00.000000000-0500,107.55500030517578,107.875,107.50499725341797,107.68299865722656,13726,0.0,0.0
2025-01-29T00:00:00.000000000-0500,107.7300033569336,108.125,107.56999969482422,107.80899810791016,20037,0.0,0.0
2025-01-30T00:00:00.000000000-0500,107.69999694824219,108.08499908447266,107.33499908447266,107.63099670410156,19550,0.0,0.0
2025-01-31T00:00:00.000000000-0500,108.0199966430664,108.4000015258789,107.61000061035156,108.21700286865234,31555,0.0,0.0
2025-02-03T00:00:00.000000000-0500,109.2249984741211,109.75,108.2249984741211,108.87699890136719,50804,0.0,0.0
2025-02-04T00:00:00.000000000-0500,108.52999877929688,108.9000015258789,107.76499938964844,107.822998046875,24009,0.0,0.0
2025-02-05T00:00:00.000000000-0500,107.81500244140625,107.8550033569336,107.1500015258789,107.44200134277344,14685,0.0,0.0
2025-02-06T00:00:00.000000000-0500,107.51499938964844,107.9800033569336,107.4000015258789,107.5469970703125,17653,0.0,0.0
2025-02-07T00:00:00.000000000-0500,107.5999984741211,108.19000244140625,107.20999908447266,107.9280014038086,31556,0.0,0.0
2025-02-10T00:00:00.000000000-0500,108.26499938964844,108.30500030517578,107.9800033569336,108.19300079345703,12037,0.0,0.0
2025-02-11T00:00:00.000000000-0500,108.23500061035156,108.3499984741211,107.63999938964844,107.83300018310547,14455,0.0,0.0
2025-02-12T00:00:00.000000000-0500,107.9000015258789,108.41999816894531,107.50499725341797,107.822998046875,28004,0.0,0.0
2025-02-13T00:00:00.000000000-0500,107.87000274658203,107.90499877929688,106.93499755859375,107.21600341796875,35671,0.0,0.0
2025-02-14T00:00:00.000000000-0500,106.98999786376953,107.07499694824219,106.44499969482422,106.57499694824219,21225,0.0,0.0
2025-02-17T00:00:00.000000000-0500,106.66000366210938,106.77999877929688,106.5199966430664,106.57499694824219,7458,0.0,0.0
2025-02-18T00:00:00.000000000-0500,106.69999694824219,107.01000213623047,106.69999694824219,106.95500183105469,14458,0.0,0.0
2025-02-19T00:00:00.000000000-0500,106.96499633789062,107.2750015258789,106.7750015258789,107.06300354003906,14742,0.0,0.0
2025-02-20T00:00:00.000000000-0500,107.00499725341797,107.05000305175781,106.23500061035156,106.26899719238281,19045,0.0,0.0
2025-02-21T00:00:00.000000000-0500,106.3550033569336,106.66000366210938,106.29000091552734,106.51899719238281,16056,0.0,0.0
2025-02-24T00:00:00.000000000-0500,106.45999908447266,106.66500091552734,106.03500366210938,106.50900268554688,14927,0.0,0.0
2025-02-25T00:00:00.000000000-0500,106.66999816894531,106.7699966430664,106.0999984741211,106.22799682617188,14927,0.0,0.0
2025-02-26T00:00:00.000000000-0500,106.11499786376953,106.57499694824219,106.1050033569336,106.29000091552734,10144,0.0,0.0
