Date,V_USD_ChangeOpenClose,P_USD_ChangeOpenClose,V_USD_ChangeClose,P_USD_ChangeClose,V_GLD_ChangeOpenClose,P_GLD_ChangeOpenClose,V_GLD_ChangeClose,P_GLD_ChangeClose,V_OIL_ChangeOpenClose,P_OIL_ChangeOpenClose,V_OIL_ChangeClose,P_OIL_ChangeClose,V_DJI_ChangeOpenClose,P_DJI_ChangeOpenClose,V_DJI_ChangeClose,P_DJI_ChangeClose,V_SP5_ChangeOpenClose,P_SP5_ChangeOpenClose,V_SP5_ChangeClose,P_SP5_ChangeClose
2024-02-26,-0.13899993896484375,-0.13379530251368318,,,-5.5999755859375,-0.27530483521707855,,,1.1800003051757812,1.5445029863986073,,,-75.55859375,-0.19302337695410846,,,-23.47021484375,-0.46083280667092086,,
2024-02-27,0.04400634765625,0.042430072034021736,0.00800323486328125,0.007716564764855895,-1.9000244140625,-0.09332601754888883,5.5,0.27015079002137715,1.25,1.6104096312403744,1.2900009155273438,1.6619439189393077,-115.48828125,-0.29545789327779076,-96.8203125,-0.2476989461452164,3.580078125,0.07054897048249165,8.650390625,0.1704644791418197
2024-02-28,0.15399932861328125,0.14843308782003012,0.14499664306640625,0.13975580054593373,3.5,0.17245627001724562,-1.0,-0.04927322000492732,0.05999755859375,0.0764494852540667,-0.3300018310546875,-0.420491611797991,10.94140625,0.028099502535476,-23.390625,-0.060071339229714485,2.5595703125,0.05051251606099507,-8.42041015625,-0.16617480722469666
2024-02-29,0.20800018310546875,0.20021193986665264,0.194000244140625,0.18673620683450992,11.39990234375,0.5603845091739051,12.699951171875,0.624290953499751,0.06000518798828125,0.07673297996161887,-0.279998779296875,-0.3580547189563144,-17.359375,-0.04449553042196661,47.37109375,0.121421534074525,10.91015625,0.21454049552670967,26.51025390625,0.5213053671514344
2024-03-01,-0.26099395751953125,-0.25081103559758555,-0.2989959716796875,-0.28733036584142707,43.7999267578125,2.1437975273457277,41.199951171875,2.016541122029984,1.69000244140625,2.1589198617274556,1.7099990844726562,2.1844648839275513,97.8671875,0.25100901033581247,90.98828125,0.23336604445406245,38.5703125,0.756501689180777,40.81005859375,0.800431115556514
2024-03-04,-0.016998291015625,-0.016376792056932432,-0.02100372314453125,-0.020235775822592006,34.099853515625,1.6365834093587546,30.800048828125,1.4782130631866748,-1.4000015258789062,-1.7469447673339293,-1.2300033569335938,-1.534818275893912,21.05859375,0.054039668183807045,-97.55078125,-0.2503306684389192,-0.0400390625,-0.0007803379205783484,-6.1298828125,-0.11946783237732422
2024-03-05,-0.02700042724609375,-0.026016985511354694,-0.02500152587890625,-0.02409089051164435,18.60009765625,0.8794788649636428,15.800048828125,0.7470825834648369,-0.589996337890625,-0.7492968680433489,-0.589996337890625,-0.7492968680433489,-321.7890625,-0.827072825038325,-404.63671875,-1.0400105941786033,-31.8701171875,-0.6236178914415682,-52.30029296875,-1.023384954346527
2024-03-06,-0.4640045166015625,-0.44708243024417293,-0.43199920654296875,-0.41624434292011914,24.800048828125,1.1667865833039284,16.800048828125,0.790404555545754,0.9799957275390625,1.253993228924689,0.9799957275390625,1.253993228924689,-60.09765625,-0.15520628564776154,75.859375,0.19591199657325503,-3.27001953125,-0.06401723695411014,26.10986328125,0.511153309190254
2024-03-07,-0.48299407958984375,-0.4677682363444696,-0.5489959716796875,-0.5316894932768153,11.0,0.5123428039124359,7.699951171875,0.35863768848975314,-0.1999969482421875,-0.25274479361055296,-0.1999969482421875,-0.25274479361055296,7.05078125,0.018179472384374274,130.30078125,0.3359626927011483,24.97998046875,0.4867133968863814,52.60009765625,1.0248675830173661
2024-03-08,-0.0469970703125,-0.04574591914468202,-0.0839996337890625,-0.08176340418554366,11.300048828125,0.521388297584131,20.60009765625,0.9504958793033121,-1.5,-1.8865550996086469,-0.9199981689453125,-1.1570848248362644,-54.109375,-0.13954058589114926,-68.66015625,-0.1770650359665558,-40.77001953125,-0.789434323039055,-33.669921875,-0.6519543597911431
2024-03-11,0.141998291015625,0.13825167197094426,0.16399383544921875,0.15966686487295545,1.5,0.0687757909215956,3.89990234375,0.17881257880559376,0.12999725341796875,0.16709157881585918,-0.0800018310546875,-0.1028301130032924,102.44921875,0.26495114663324043,46.96875,0.12146919537568471,5.97998046875,0.11698018987717797,-5.75,-0.1124813191796887
2024-03-12,0.16400146484375,0.15958107443882524,0.082000732421875,0.07979053721941262,-22.10009765625,-1.0126047036082475,-22.10009765625,-1.0126047036082475,-0.529998779296875,-0.6787025280467459,-0.37000274658203125,-0.4738158073167939,122.16796875,0.3141911950115178,235.828125,0.6065020247877012,40.97021484375,0.797970831511341,57.330078125,1.1166094756028648
2024-03-13,-0.15399932861328125,-0.1496301315129137,-0.167999267578125,-0.1632328707413604,12.89990234375,0.5965272760115606,15.0,0.6936416184971098,1.660003662109375,2.126574063576335,2.160003662109375,2.7671070070019192,-11.2578125,-0.028825845881544777,37.83203125,0.09686964516403926,-8.18017578125,-0.15811715902926088,-9.9599609375,-0.1925191792442466
2024-03-14,0.5970001220703125,0.5810502760341525,0.5760040283203125,0.5606151276680695,0.0,0.0,-12.39990234375,-0.5732733399791956,1.6300048828125,2.0469734258876104,1.5400009155273438,1.9339457097133608,-216.73046875,-0.5539806368875241,-137.66015625,-0.35187051213080106,-24.66015625,-0.4765118547231369,-14.830078125,-0.28656379794968945
2024-03-15,0.04399871826171875,0.04256430017670052,0.07199859619140625,0.06965134398604522,-4.39990234375,-0.20353899445502496,-5.699951171875,-0.26367910906344844,-0.09999847412109375,-0.12324189656556887,-0.220001220703125,-0.2711378140966464,-94.87890625,-0.2444724703002535,-190.890625,-0.49186383460137467,-6.22021484375,-0.12141008005783918,-33.39013671875,-0.6517297672184016
2024-03-18,0.0059967041015625,0.005796437093834581,0.0469970703125,0.04542754770740588,14.5,0.6756127262086025,3.39990234375,0.1584149856071693,1.69000244140625,2.0856503355125864,1.6800003051757812,2.0733065907499686,-36.5,-0.09400691812041699,75.66015625,0.19486515379648509,-5.35009765625,-0.10378925996656806,32.330078125,0.6271875952273801
2024-03-19,0.26399993896484375,0.2557643245908939,0.02300262451171875,0.022285045766018696,0.199951171875,0.00927374253599605,-4.39990234375,-0.20406762879575188,0.6200027465820312,0.7483437030788774,0.75,0.905250469297557,291.15234375,0.7500135844682234,320.33203125,0.8251809753044429,39.419921875,0.7670603759329344,29.08984375,0.5660504998833239
2024-03-20,-0.48400115966796875,-0.4674984694047495,-0.4380035400390625,-0.42306920236016754,0.599853515625,0.027805752656003907,1.599853515625,0.07415999070199171,-1.5199966430664062,-1.8269191091581163,-1.7900009155273438,-2.1514434870002264,440.078125,1.1263246136319671,401.3671875,1.0272488376591924,42.93017578125,0.8284975802623816,46.1103515625,0.889870912461161
2024-03-21,0.746002197265625,0.7248369709850236,0.6200027465820312,0.6024123179290033,-24.60009765625,-1.114639676314001,24.5,1.1101042138649753,-0.4199981689453125,-0.5153984292004059,-0.6100006103515625,-0.7485588739017122,120.33984375,0.30342086415113073,269.2421875,0.6788582621638211,-11.900390625,-0.22652610250464145,16.90966796875,0.3218786088888166
2024-03-22,0.5120010375976562,0.4938996122856029,0.5110015869140625,0.49293549645599116,-21.099853515625,-0.9682385273677367,-24.2998046875,-1.1150791681338221,-0.20999908447265625,-0.25977126915606663,-0.44000244140625,-0.544288052126019,-298.16015625,-0.7496347287446602,-305.47265625,-0.76801982762202,-8.2998046875,-0.15831829054992183,-7.349609375,-0.14019337035871415
2024-03-25,-0.2310028076171875,-0.2217662416232486,-0.24300384521484375,-0.23328742195462354,8.60009765625,0.39701310359634634,16.699951171875,0.770933041653917,1.0999984741210938,1.3605423560684262,1.3199996948242188,1.6326527145782588,-96.8984375,-0.24586935323653317,-162.2578125,-0.4117117308207335,-1.330078125,-0.025482766998170273,-15.990234375,-0.30635449840531576
2024-03-26,0.0659942626953125,0.0635018145368207,0.05699920654296875,0.05484648050920086,-7.099853515625,-0.32527849335467035,0.800048828125,0.036654091080886304,-0.31999969482421875,-0.39052927177179975,-0.32999420166015625,-0.40272661926771225,-55.9921875,-0.1423349727573603,-31.3125,-0.07959795881282267,-25.27001953125,-0.48328062689303125,-14.60986328125,-0.2794087229197609
2024-03-27,0.0590057373046875,0.05673355979320346,0.07300567626953125,0.07019439276715334,11.2001953125,0.5139118938408316,15.0,0.6882628554708495,0.05999755859375,0.07380681254524352,-0.2700042724609375,-0.3321494272604486,298.09765625,0.7554047027266256,477.75,1.2106589540743677,22.18017578125,0.4243945639003678,44.91015625,0.8593090678987392
2024-03-28,0.13399505615234375,0.1286743682753759,0.20499420166015625,0.19685427325576924,23.7998046875,1.084965519144938,26.7998046875,1.221727001021482,1.4599990844726562,1.7868058999282252,1.8199996948242188,2.2273891998734254,43.6328125,0.1097301571381039,47.29296875,0.11893491606723579,6.3203125,0.12043210040226221,5.85986328125,0.11165834648698614
2024-04-01,0.5139999389648438,0.4930455050022482,0.49500274658203125,0.4748227784959532,0.800048828125,0.03578516105015088,19.10009765625,0.8543229446437302,0.5699996948242188,0.6855902080932514,0.5400009155273438,0.6495079618614695,-241.078125,-0.6056032727461845,-240.51953125,-0.6042000504375011,-14.2001953125,-0.2700699078213014,-10.580078125,-0.20121981853627532
2024-04-02,-0.173004150390625,-0.16518274634308447,-0.20200347900390625,-0.19287103435023142,9.0,0.3996447602131439,24.5,1.0879218472468917,1.1100006103515625,1.3208003311033727,1.44000244140625,1.7134726626831738,-86.03125,-0.2191528920788429,-396.61328125,-1.010318315993514,1.52001953125,0.029207048797069275,-37.9599609375,-0.7293974903892578
2024-04-03,-0.5329971313476562,-0.5098987253152262,-0.5649948120117188,-0.5405097279343135,12.699951171875,0.556600405121293,33.39990234375,1.4638165866899326,-0.029998779296875,-0.03510271427363673,0.279998779296875,0.3276372364807904,-12.44921875,-0.03180722843468415,-43.09765625,-0.11011269260115161,17.1201171875,0.3295898598147972,5.68017578125,0.10935254233145673
2024-04-04,-0.0890045166015625,-0.08559772430092685,-0.1060028076171875,-0.10194537814478635,-12.89990234375,-0.5604510847377051,-5.599853515625,-0.24329207257331353,0.92999267578125,1.0856790053963312,1.1599960327148438,1.35418629829916,-746.62109375,-1.8976938157630063,-530.16015625,-1.3475130267568523,-96.83984375,-1.8466614040056932,-64.2802734375,-1.2257754184569676
2024-04-05,0.06600189208984375,0.06346030847827813,0.18000030517578125,0.17306890046561277,36.5,1.5944435077117278,36.89990234375,1.6119125952654505,0.0500030517578125,0.057567408941341144,0.32000732421875,0.36841736353915366,239.05859375,0.6182819462257665,307.05859375,0.7941516846185205,45.3896484375,0.8798233500827691,57.1298828125,1.107393571358938
2024-04-08,-0.15799713134765625,-0.1518327263641264,-0.16899871826171875,-0.1624050761355818,6.099853515625,0.2622915918249427,6.0,0.25799792518270126,0.3300018310546875,0.3832773947770458,-0.48000335693359375,-0.5574951979562083,-23.62109375,-0.060696982435515856,-11.23828125,-0.028877992139404517,-8.97998046875,-0.1723151544952321,-1.94970703125,-0.037412561138571145
2024-04-09,0.05199432373046875,0.05005711211669308,0.01999664306640625,0.019251605408342268,5.699951171875,0.24381688137666988,11.800048828125,0.5047501318190168,-1.3599929809570312,-1.5706121243498845,-1.1999969482421875,-1.38583785540257,-99.98828125,-0.2564876690624688,-9.12890625,-0.02341726306203811,-7.11962890625,-0.13646901013498366,7.52001953125,0.14414369556881446
2024-04-10,1.1409988403320312,1.0982759139814953,1.1090011596679688,1.0674763366862328,-17.0,-0.7244523690670325,-13.89990234375,-0.5923421872194168,0.8700027465820312,1.0194548674895518,0.9799957275390625,1.148342828207913,-200.76953125,-0.5192904421541344,-422.16015625,-1.0919173483846094,-7.23974609375,-0.1400912222791435,-49.27001953125,-0.9533894101353595
2024-04-11,0.0540008544921875,0.05142448661426716,0.0330047607421875,0.03143011148535176,13.300048828125,0.5680140434817424,25.199951171875,1.076231098521247,-1.3000030517578125,-1.50602763711057,-1.19000244140625,-1.3785941214242183,-64.18359375,-0.16660996729350316,-2.43359375,-0.006317205868410472,26.10986328125,0.5047383465031156,38.419921875,0.74270813412846
2024-04-12,0.7620010375976562,0.7252317881516018,0.7679977416992188,0.7309391300369924,-21.10009765625,-0.8875656090046841,1.39990234375,0.05888622870470528,0.06000518798828125,0.07009951992747085,0.6400070190429688,0.7476717645461851,-335.90234375,-0.8765915369481228,-475.83984375,-1.241781094223065,-48.099609375,-0.9300883408307158,-75.64990234375,-1.462820448422906
2024-04-15,0.167999267578125,0.15874446250725416,0.1660003662109375,0.15685567734935676,3.699951171875,0.15663820409415366,9.60009765625,0.4064221353606275,-0.5199966430664062,-0.6051398128938277,-0.25,-0.29093448052151566,-340.26953125,-0.8936733947883193,-248.12890625,-0.6516781011186998,-87.85009765625,-1.705936477269667,-61.59033203125,-1.1960054326904297
2024-04-16,0.07500457763671875,0.0707657129431432,0.0670013427734375,0.06321477886956399,6.800048828125,0.2852369474884648,25.0,1.0486577181208054,-0.339996337890625,-0.39672852975241407,-0.0500030517578125,-0.05834662023151697,-193.25,-0.5086567890957935,63.859375,0.16808540564638647,-13.1796875,-0.2602320801212462,-10.40966796875,-0.2055382230329301
2024-04-17,-0.39600372314453125,-0.3730253480444,-0.30100250244140625,-0.2835366353221407,-12.5,-0.524284886167204,-19.10009765625,-0.801111402039161,-2.6699981689453125,-3.127926604796115,-2.6699981689453125,-3.127926604796115,-196.36328125,-0.5174307748872994,-45.66015625,-0.12031765755550422,-46.76025390625,-0.9224803446135731,-29.2001953125,-0.5760577410179178
2024-04-18,0.1920013427734375,0.18149290208131236,0.2180023193359375,0.20607081713706665,13.900146484375,0.5869003148758587,10.60009765625,0.44756367561745913,-0.05999755859375,-0.0724695711200281,0.04000091552734375,0.048316119199174376,-71.83203125,-0.1897947813608293,22.0703125,0.05831423757075891,-20.39990234375,-0.4054421380529558,-11.08984375,-0.22040742572724892
2024-04-19,-0.01599884033203125,-0.015093245596255897,0.0019989013671875,0.0018857560067806604,19.099853515625,0.8027509403461844,16.099853515625,0.6766634382054777,0.5199966430664062,0.6293834734687398,0.40999603271484375,0.49624306352592706,184.41796875,0.48785266396942867,211.01953125,0.558223480974614,-38.2099609375,-0.7633686825690915,-43.89013671875,-0.8768487332288182
2024-04-22,0.0279998779296875,0.02644366753061323,-0.0709991455078125,-0.06705307085555497,-51.10009765625,-2.144089984866826,-66.199951171875,-2.7776591203623604,-0.20000457763671875,-0.24082428692034288,-0.29000091552734375,-0.3491883261540779,123.08984375,0.322927294781144,253.58203125,0.6652747039226786,23.27001953125,0.46658270390634393,43.3701171875,0.8696059115422557
2024-04-23,-0.4550018310546875,-0.42940905529071804,-0.4080047607421875,-0.3850554589160773,0.0,0.0,-4.5,-0.19332388599890143,1.2300033569335938,1.4976298527544456,0.5100021362304688,0.6209693818165131,147.62109375,0.3848702240539256,263.7109375,0.6875337732761906,41.69970703125,0.8292095851233386,59.94970703125,1.1921156102702328
2024-04-24,0.18000030517578125,0.1705840702257157,0.19499969482421875,0.18479880688759664,3.199951171875,0.13785168244365695,-3.199951171875,-0.13785168244365695,-0.5900039672851562,-0.7074387967511953,-0.5500030517578125,-0.6594760691786646,-91.8671875,-0.2382893423120936,-42.76953125,-0.11093758010779456,-13.22998046875,-0.26018377741904414,1.080078125,0.021241059813652912
2024-04-25,-0.22400665283203125,-0.2119769542115051,-0.24900054931640625,-0.23562861805118662,14.800048828125,0.6393109644978402,5.300048828125,0.22894379387149028,0.7399978637695312,0.8933935137160539,0.7600021362304688,0.9175445121691741,33.7109375,0.08859155341644652,-375.12109375,-0.9858094398765673,28.5400390625,0.5685402784281326,-23.2099609375,-0.4623608827169008
2024-04-26,0.3489990234375,0.33094591757403563,0.35300445556640625,0.3347441557413662,-13.099853515625,-0.5579391822687287,5.0,0.2129562676419398,0.04000091552734375,0.04772809532583278,0.279998779296875,0.3340875640774486,124.9609375,0.3278549747508625,153.859375,0.403674640371584,15.31005859375,0.3011034955758289,51.5400390625,1.0136398779145603
2024-04-29,-0.43199920654296875,-0.4080083280593617,-0.3560028076171875,-0.3362323544126227,10.599853515625,0.4539940591891474,10.599853515625,0.4539940591891474,-1.0600051879882812,-1.2665852038066565,-1.220001220703125,-1.4577621999202146,103.9296875,0.2714833412634169,146.4296875,0.3825011099225906,2.0400390625,0.03989024739782492,16.2099609375,0.3169642013195289
2024-04-30,0.5400009155273438,0.511558287245699,0.6520004272460938,0.6176586228928097,-31.10009765625,-1.3390784782023681,-54.0,-2.32508073196986,-0.8300018310546875,-1.0029021382677459,-0.6999969482421875,-0.8458155270343385,-521.4765625,-1.360229394151884,-570.16796875,-1.4872369852626361,-68.08984375,-1.3341062235488959,-80.47998046875,-1.5768701600883461
2024-05-01,-0.582000732421875,-0.5479716951687278,-0.4720001220703125,-0.4444027173890791,12.199951171875,0.5332845841792133,8.5,0.3715522219443976,-2.4800033569335938,-3.0436956980347945,-2.9300003051757812,-3.595974698651569,57.73046875,0.1525422556704815,87.3671875,0.23085189054239044,-10.6396484375,-0.2115646335781133,-17.2998046875,-0.3439988512011269
2024-05-02,-0.41199493408203125,-0.39018368062409736,-0.4499969482421875,-0.42617384586527124,-22.5,-0.9691174774174912,-0.699951171875,-0.030148218400129635,-0.20000457763671875,-0.2526905543663511,-0.0500030517578125,-0.06317504838134903,150.01171875,0.3939833591967307,322.37109375,0.8466594975504153,14.88037109375,0.29470050644004014,45.81005859375,0.907252069358429
2024-05-03,-0.2570037841796875,-0.2443582379105927,-0.26000213623046875,-0.24720905983955022,-1.0,-0.043478260869565216,-0.199951171875,-0.008693529211956522,-0.9599990844726562,-1.2141129229516059,-0.839996337890625,-1.06234518924073,-33.6796875,-0.08700657423370237,450.01953125,1.1625600074917282,5.01025390625,0.09780342150891778,63.58984375,1.2413151924714336
2024-05-06,0.02899932861328125,0.02764737227765032,0.00099945068359375,0.0009528560295638495,-1.199951171875,-0.05165968428838233,22.60009765625,0.9729678483368367,0.31999969482421875,0.409416171738678,0.37000274658203125,0.473391414081269,89.83984375,0.23177041396600404,176.58984375,0.45556959451111545,38.3203125,0.7451805391658459,52.9501953125,1.0296746690650187
2024-05-07,0.285003662109375,0.27139329025932313,0.38100433349609375,0.3628094421849325,-9.10009765625,-0.39151991847344,-6.400146484375,-0.2753580153131198,-0.34000396728515625,-0.43191560215034175,-0.100006103515625,-0.1270402718049294,25.3203125,0.06515955294635876,31.9921875,0.08232902478103646,0.5,0.009639111296530127,6.9599609375,0.13417567619212933
2024-05-08,0.12599945068359375,0.11965759452225429,0.12599945068359375,0.11965759452225429,0.0,0.0,-1.599853515625,-0.0691499588561438,0.6500015258789062,0.8297186064132106,0.6100006103515625,0.7786579510682516,237.4921875,0.6117952777108604,172.12890625,0.44341522603258443,18.68994140625,0.3615789087377177,-0.0302734375,-0.0005856752708346657
2024-05-09,-0.30600738525390625,-0.2903020345533898,-0.3220062255859375,-0.3054797594146045,21.400146484375,0.926132641043329,18.5,0.8006232046968148,0.029998779296875,0.037862902973422305,0.2700042724609375,0.34078538561277094,323.4921875,0.8281024869573408,331.37109375,0.8482715732977297,25.05029296875,0.4827548502498275,26.41015625,0.5089613539230196
2024-05-10,0.09000396728515625,0.08564873014159376,0.07100677490234375,0.06757080032447342,0.0,0.0,35.199951171875,1.4869239406005965,-1.3299942016601562,-1.6710569956729378,-1.0,-1.2564393089737174,46.3203125,0.11736609422405006,125.078125,0.31692210634627116,-2.81005859375,-0.05377598019922623,8.60009765625,0.16457972880086386
2024-05-13,-0.0670013427734375,-0.06370765802030955,-0.0720062255859375,-0.06846650835751326,-22.199951171875,-0.9413539715994363,-31.199951171875,-1.3229847994693775,0.94000244140625,1.2023566612137997,0.8600006103515625,1.1000263583967107,-159.76953125,-0.4035472614314547,-81.328125,-0.20541928028661613,-11.66015625,-0.22281631612596697,-1.26025390625,-0.024082450247953132
2024-05-14,-0.17800140380859375,-0.1694122055064231,-0.21099853515625,-0.20081710837450764,17.39990234375,0.744858833208476,17.2998046875,0.7405738308005138,-1.2100067138671875,-1.527207702385257,-1.100006103515625,-1.3883706385320518,91.34765625,0.23145465265421625,126.59765625,0.3207703159234764,25.580078125,0.4899365583219308,25.26025390625,0.48381094853150425
2024-05-15,-0.7229995727539062,-0.6889975599896467,-0.6800003051757812,-0.6480205088832082,27.099853515625,1.1475208500592466,35.300048828125,1.4947513282692626,0.18999481201171875,0.24221673393450316,0.6100006103515625,0.7776652108179443,292.8984375,0.7393605618753738,349.890625,0.883225364064722,44.89013671875,0.8528960894526436,61.4697265625,1.1679021993929766
2024-05-16,0.23999786376953125,0.23053441816497183,0.13300323486328125,0.1277587345223624,-9.5,-0.39757271395689475,-8.699951171875,-0.3640908630205064,0.39000701904296875,0.4946816808203361,0.600006103515625,0.7610427846091377,-42.9609375,-0.1076382333588678,-38.62109375,-0.09676479480079342,-12.9697265625,-0.2442477592920953,-11.0498046875,-0.20809151392139585
2024-05-17,-0.05999755859375,-0.05747443140583015,-0.0149993896484375,-0.014368607851457537,31.5,1.3231402800043932,32.199951171875,1.3525413463391263,0.6800003051757812,0.8566393659663444,0.8299942016601562,1.0455961581989324,91.87109375,0.23018576154403272,134.2109375,0.33626950104723313,0.169921875,0.0032041989000942753,6.169921875,0.11634556695859558
2024-05-20,0.089996337890625,0.08622816472386483,0.12999725341796875,0.12455423013987223,18.099853515625,0.7492281293894757,21.699951171875,0.8982511272984443,-0.20999908447265625,-0.26246604032718,-0.2599945068359375,-0.3249525058045283,-182.9921875,-0.4575975940716857,-196.8203125,-0.492176757351662,2.77978515625,0.05239588538140072,4.85986328125,0.09160306467610774
2024-05-21,0.06600189208984375,0.06316575120988589,0.09600067138671875,0.09187546497214127,-7.800048828125,-0.3210557245575221,-12.199951171875,-0.5021589286633052,-0.43999481201171875,-0.5520637752313277,-0.5400009155273438,-0.6775419525775197,68.58984375,0.17231724744615418,66.21875,0.16636038377511278,22.72021484375,0.4287892874464013,13.2802734375,0.2506331486528814
2024-05-22,0.300994873046875,0.2879369230423398,0.279998779296875,0.26785169511441426,-28.300048828125,-1.170632836737332,-32.5,-1.344364012409514,-0.6399993896484375,-0.8183089082473843,-1.69000244140625,-2.1608521431906946,-192.2890625,-0.4823708193581742,-201.94921875,-0.5066040098727959,-12.27001953125,-0.2306706927785634,-14.400390625,-0.27072068412692074
2024-05-23,0.19600677490234375,0.18695801387728989,0.20000457763671875,0.19077125584030027,-36.199951171875,-1.526651143611257,-54.199951171875,-2.285760470983847,-0.4199981689453125,-0.5434055685991537,-0.6999969482421875,-0.9056759476652563,-629.6875,-1.58631642663134,-605.77734375,-1.5260816695134092,-72.419921875,-1.3561123438444627,-39.169921875,-0.7334834557512527
2024-05-24,-0.35199737548828125,-0.3352675327653762,-0.39800262451171875,-0.3790862297455703,-10.10009765625,-0.4311490324940674,-2.5,-0.10671902568864515,0.6800003051757812,0.8826587449309438,0.8499984741210938,1.1033209553736874,-19.640625,-0.050245616924338675,4.328125,0.011072423140844721,23.27001953125,0.4405990527356119,36.88037109375,0.6983000829295487
2024-05-28,0.04900360107421875,0.0468978869519243,-0.0989990234375,-0.09474497603739214,18.300048828125,0.7830908294262544,22.699951171875,0.9713702820180063,2.0200042724609375,2.5960729158740827,2.1100006103515625,2.71173457981753,-176.12890625,-0.4512771506675577,-216.73046875,-0.5553063973582937,-9.8701171875,-0.18567125661248332,1.31982421875,0.024827812734913548
2024-05-29,0.444000244140625,0.4245150202570316,0.4949951171875,0.47327195192584043,0.0,0.0,-14.89990234375,-0.6366663262350027,-1.029998779296875,-1.2833276250710681,-0.5999984741210938,-0.7475684751449143,-274.7421875,-0.7096295889729853,-411.3203125,-1.0623962302681125,-11.77978515625,-0.22315566812159537,-39.08984375,-0.7405160691043499
2024-05-30,-0.43700408935546875,-0.4158181495595067,-0.37599945068359375,-0.3577710131940357,6.0,0.25675040655281867,2.599853515625,0.11125224118574895,-1.3699951171875,-1.7280463399114727,-1.3199996948242188,-1.6649845044762066,-256.87109375,-0.669486916401844,-330.05859375,-0.8602365760028865,-24.2900390625,-0.46180800628740654,-31.47021484375,-0.5983192178914816
2024-05-31,-0.10300445556640625,-0.09835238447892869,-0.03099822998046875,-0.0295982325855779,-21.2001953125,-0.9044065709351332,-20.0,-0.8532058857041563,-0.9200057983398438,-1.180857085220852,-0.9200057983398438,-1.180857085220852,546.05859375,1.4317117113057303,574.83984375,1.5071733067510782,34.2998046875,0.6541756851821189,42.02978515625,0.8016040835552379
2024-06-03,-0.48699951171875,-0.4657385361719316,-0.5489959716796875,-0.5250284118601932,24.0,1.0333246788467179,23.7001953125,1.020416529578898,-2.75,-3.5728205227835113,-2.7699966430664062,-3.598800310686941,-138.95703125,-0.35896944798949154,-115.2890625,-0.2978276863902919,-13.75,-0.25957354904976815,5.89013671875,0.11119445036176681
2024-06-04,0.0460052490234375,0.04423369091712139,-0.02700042724609375,-0.02596070185003194,-22.0,-0.9371671991480299,-21.10009765625,-0.8988327010117145,-0.7699966430664062,-1.040254901360541,-0.970001220703125,-1.3104583419269673,192.4296875,0.49957265251964644,140.2578125,0.3641276371517686,13.099609375,0.24818137851490069,7.93994140625,0.15042781407599523
2024-06-05,0.11100006103515625,0.10661805819269166,0.1699981689453125,0.16328706939649154,27.7001953125,1.1906893257944697,28.60009765625,1.2293715120705002,1.1699981689453125,1.6049357262770052,0.8199996948242188,1.124828090069553,32.5078125,0.08383742913057504,96.0390625,0.24768409428073995,39.5498046875,0.7441895506775738,62.68994140625,1.1796063140070498
2024-06-06,-0.173004150390625,-0.1659830613246511,-0.16400146484375,-0.1573457349724246,15.300048828125,0.6496836020435245,16.199951171875,0.6878960157908706,1.25,1.682368706134834,1.4800033569335938,1.9919290661436648,60.7734375,0.15653010644006995,78.84375,0.20307261012896077,-4.83984375,-0.0903326724855538,-1.06982421875,-0.019967603451962104
2024-06-07,0.7700042724609375,0.7397840987979662,0.798004150390625,0.7666850722100557,-74.699951171875,-3.1387854211141284,-65.10009765625,-2.7354132664209425,-0.1399993896484375,-0.18501307392114189,-0.0200042724609375,-0.02643620053521711,-62.25,-0.16018532283886266,-87.18359375,-0.22434589736700403,3.18017578125,0.059511392552879745,-5.9697265625,-0.11171292574105757
2024-06-10,0.0970001220703125,0.09236787376477766,0.25699615478515625,0.24472328360598833,17.099853515625,0.7465228667859409,2.5,0.10914170494264838,2.3899993896484375,3.1718638859286523,2.2099990844726562,2.932978273691245,83.140625,0.21436339490221207,69.05078125,0.17803522513091535,19.56982421875,0.3663923866004182,13.7998046875,0.25836427131667505
2024-06-11,0.07399749755859375,0.07039000956822236,0.08699798583984375,0.08275670472280024,7.5,0.32608695652173914,-0.199951171875,-0.008693529211956522,-0.220001220703125,-0.2816195762521919,0.160003662109375,0.20481778863784744,-48.2890625,-0.12447010592947716,-120.6171875,-0.31090340809661826,22.31982421875,0.4169591671726135,14.52978515625,0.27143256409957034
2024-06-12,-0.6399993896484375,-0.6080465596398603,-0.5839996337890625,-0.5548426668835413,21.10009765625,0.9114907143452265,28.5,1.2311547454447085,0.279998779296875,0.35796314871798474,0.5999984741210938,0.767065283504863,-238.4375,-0.6121528384375822,-35.2109375,-0.09039884806153942,11.89990234375,0.21999660946508082,45.7099609375,0.8450520125749489
2024-06-13,0.5019989013671875,0.4795328013321214,0.5719985961914062,0.5463997798454837,-9.199951171875,-0.398369774006581,-35.800048828125,-1.550188375421358,0.25,0.3189996060206892,0.12000274658203125,0.1531233155242743,-30.01953125,-0.07761573354240936,-65.109375,-0.16834079982887168,-8.18994140625,-0.15049699539877395,12.71044921875,0.23356509194690783
2024-06-14,0.2949981689453125,0.28028329591003565,0.358001708984375,0.34014414155285033,24.39990234375,1.0576463954811444,31.199951171875,1.3524036051961421,0.48999786376953125,0.6285247171932361,-0.17000579833984375,-0.21806798401271904,60.76953125,0.15772662772622623,-57.94140625,-0.1503862614297817,7.52001953125,0.13864138108096527,-2.14013671875,-0.039456215393667345
2024-06-17,0.02899932861328125,0.02747839826312811,0.01900482177734375,0.01800807421032679,-7.800048828125,-0.33618002725090096,-19.0,-0.8188949400849516,1.8499984741210938,2.357286436020073,1.8800048828125,2.3955209000974187,212.921875,0.5521091220768086,188.94140625,0.48992746249602187,42.1201171875,0.7755342507848438,41.6298828125,0.7665078383693192
2024-06-18,-0.0240020751953125,-0.02288091024421117,-0.6880035400390625,-0.6558660915456055,18.599853515625,0.804561515821987,18.0,0.7786140505155013,1.1399993896484375,1.417380809800988,1.2399978637695312,1.541710629198811,55.73828125,0.14373270893698337,56.7578125,0.14636178154421248,10.8798828125,0.19867759295346343,13.7998046875,0.2519983005139029
2024-06-20,0.36199951171875,0.34520528211808554,0.3509979248046875,0.3347140914079549,24.900146484375,1.069180622976371,23.400146484375,1.0047725306195274,0.6500015258789062,0.7973522480930959,0.5999984741210938,0.7360138601920881,330.03125,0.8504923137290668,299.90234375,0.7728499595983939,-26.8203125,-0.4876429112977828,-13.85986328125,-0.25199796164410804
2024-06-21,0.14800262451171875,0.140559976338334,0.21600341796875,0.2051411954271309,-14.800048828125,-0.6348682711959195,-37.400146484375,-1.6043302705790747,-0.5399932861328125,-0.6644435935003601,-1.4399948120117188,-1.771865228856968,-58.18359375,-0.1483953131589432,15.56640625,0.03970159939163401,-2.14990234375,-0.039326738386085316,-8.5498046875,-0.15639590941184509
2024-06-24,-0.37400054931640625,-0.3545196829984666,-0.32199859619140625,-0.30522639727770307,6.699951171875,0.28838079589652926,13.60009765625,0.5853784431808498,1.1800003051757812,1.466749968847033,0.899993896484375,1.1186997273143335,226.72265625,0.5786030804400937,260.8828125,0.6657808330365103,-11.7099609375,-0.2144846447883147,-16.75,-0.3068001523983966
2024-06-25,0.0839996337890625,0.07986653800972587,0.13800048828125,0.13121034873023812,-7.7998046875,-0.3355620811907307,-13.39990234375,-0.5764886812393404,-0.8699951171875,-1.0648655442896175,-0.7999954223632812,-0.9791866000559177,-286.62890625,-0.7275068931568129,-299.05078125,-0.7590354636930664,8.56982421875,0.15693550586462737,21.4296875,0.39243265234953945
2024-06-26,0.378997802734375,0.3598023506227407,0.45499420166015625,0.43194968967083475,-8.699951171875,-0.376963973309237,-17.400146484375,-0.7539385250939421,0.18000030517578125,0.22299343713292047,0.06999969482421875,0.08671914490291804,64.65234375,0.1655072525796072,15.640625,0.04003933534703324,17.18994140625,0.31479315930009244,8.60009765625,0.15749046768221922
2024-06-27,-0.16899871826171875,-0.15982477934172915,-0.14299774169921875,-0.13523524171378398,27.699951171875,1.20602362343244,25.300048828125,1.101534669551823,0.8799972534179688,1.0882973618297411,0.839996337890625,1.038828013294734,56.95703125,0.1456437040187514,36.2578125,0.09271413899609426,9.2802734375,0.16954638002510636,4.97021484375,0.09080356741426696
2024-06-28,-0.0200042724609375,-0.018949720076064838,-0.0260009765625,-0.024630299778500755,2.300048828125,0.0989098187286755,3.199951171875,0.13760863964300496,-0.31999969482421875,-0.3909109362793645,-0.1999969482421875,-0.24431584015514532,26.46875,0.06770818969324673,-45.19921875,-0.1156215264079926,-28.0,-0.5101594630870573,-22.39013671875,-0.4079478616744038
2024-07-01,0.1920013427734375,0.1821731096246196,0.04199981689453125,0.0398499153017377,3.800048828125,0.16352735813226857,-0.099853515625,-0.0042969925779696655,1.9300003051757812,2.369552335775052,1.839996337890625,2.25905022324293,-16.6796875,-0.04256520875344048,50.66015625,0.12928060710149172,4.009765625,0.0732902017104855,14.60986328125,0.26703800844854314
2024-07-02,-0.1280059814453125,-0.1212924404258783,-0.18000030517578125,-0.17055981326545158,-7.699951171875,-0.3303707612815398,-4.60009765625,-0.19736979244956318,-0.6200027465820312,-0.7431412493277527,-0.5699996948242188,-0.6832071110382789,223.6015625,0.5717503659713743,162.33203125,0.41508385379044066,47.169921875,0.863626968648242,33.919921875,0.6210347217305295
2024-07-03,-0.28299713134765625,-0.26860016107464973,-0.32999420166015625,-0.3132063399283376,28.900146484375,1.2398707664501392,36.800048828125,1.578791469814816,0.6800003051757812,0.8173080890841884,1.0699996948242188,1.2860573726821816,-50.94921875,-0.12944760914940426,-23.8515625,-0.06060009978273882,29.580078125,0.5370930675541262,28.01025390625,0.5085893664615789
2024-07-05,-0.302001953125,-0.2880323867620653,-0.5290069580078125,-0.5045369248511541,33.60009765625,1.4268163849685922,28.699951171875,1.2187333798481599,-0.43999481201171875,-0.5263095933523514,-0.7199935913085938,-0.8612363689593515,62.47265625,0.15890932540293692,67.87109375,0.17264112604739756,29.27978515625,0.5287154238716799,30.169921875,0.5447889370496682
2024-07-08,0.01300048828125,0.012422233465088714,0.12000274658203125,0.1146650881293312,-26.5,-1.1126506505137694,-33.300048828125,-1.398163056254852,-0.8199996948242188,-0.9861691879452449,-0.8300018310546875,-0.9981982150612044,-47.19140625,-0.11979952693020182,-31.08203125,-0.07890446451317076,0.10009765625,0.0017961985779013953,5.66015625,0.10156845812211207
2024-07-09,0.141998291015625,0.1356693161740174,0.13899993896484375,0.13280460301818306,-3.0,-0.12695187998914792,4.900146484375,0.2073609361378734,-0.80999755859375,-0.9851587771441085,-0.9199981689453125,-1.1189469171567654,-65.40234375,-0.1661755903213413,-52.8203125,-0.13420691228126244,-7.26025390625,-0.13001328025893183,4.1298828125,0.0739560376911726
2024-07-10,-0.06600189208984375,-0.06298191062844313,-0.0780029296875,-0.07443382895216767,5.89990234375,0.24933027181704362,12.099853515625,0.5113406273907349,0.29000091552734375,0.3544810221020237,0.6899948120117188,0.8434113587615406,448.91015625,1.143066361228306,429.390625,1.0933634992008452,42.650390625,0.7628046703752543,56.93017578125,1.0181994428385541
2024-07-11,-0.5540008544921875,-0.5292074962146367,-0.5979995727539062,-0.5712371272867414,36.300048828125,1.5260457213294873,42.800048828125,1.7993042294821338,0.220001220703125,0.2669917677538276,0.5200042724609375,0.6310731345042787,58.5703125,0.14755018861507704,32.390625,0.08159838361986253,-50.669921875,-0.8991665301956258,-49.3701171875,-0.8761007580858009
2024-07-12,-0.2570037841796875,-0.24702401183978767,-0.34799957275390625,-0.33448632227181135,14.199951171875,0.5917139296171423,-1.0,-0.04167013833041307,-0.6500015258789062,-0.7844575441599775,-0.410003662109375,-0.49481493976498225,217.6171875,0.5470066335968705,247.1484375,0.6212369360558966,24.59033203125,0.43983882445539146,30.81005859375,0.551088937557053
2024-07-15,0.01200103759765625,0.011553901300008542,0.09900665283203125,0.09531784944069348,-7.10009765625,-0.2921850887345679,8.89990234375,0.36625112525720166,-0.25,-0.30428430970883125,-0.29999542236328125,-0.3651356000384813,73.3203125,0.1826687544949457,210.8203125,0.5252334938781151,-6.93994140625,-0.1230887597003954,15.8701171875,0.28147687805405275
2024-07-16,0.003997802734375,0.003845705030020718,0.076995849609375,0.07406651748658223,35.0,1.4418720197774633,39.5,1.627255565177423,-1.1599960327148438,-1.4160108137729202,-1.1500015258789062,-1.4038104877727589,690.69921875,1.7154355535100172,742.76171875,1.8447391071845742,23.1103515625,0.40946108588422486,35.97998046875,0.6374806472755309
2024-07-17,-0.457000732421875,-0.4398467042447997,-0.5159988403320312,-0.49663025289129453,-18.099853515625,-0.7319282716809699,-7.599853515625,-0.30732556171893805,2.0,2.473716806117406,2.089996337890625,2.5850295328819364,335.5078125,0.8210638976798946,243.59765625,0.5961388487974841,-21.7998046875,-0.3885834823907171,-78.93017578125,-1.406937493727927
2024-07-18,0.5050048828125,0.48849380560009975,0.4420013427734375,0.42755015913760236,-14.199951171875,-0.5758293257045823,-3.0,-0.12165450121654502,-0.29000091552734375,-0.34893624521430144,-0.029998779296875,-0.036095270216059384,-491.5390625,-1.194315266618635,-533.05859375,-1.2951971981227552,-63.97021484375,-1.1405817923930628,-43.68017578125,-0.7788126600217249
2024-07-19,0.23200225830078125,0.2233367967220924,0.22699737548828125,0.21851885010596914,-23.300048828125,-0.9632895798647577,-56.300048828125,-2.327602434744517,-2.3400039672851562,-2.837400185096306,-2.69000244140625,-3.261795078924961,-304.8203125,-0.7509304111900699,-377.48828125,-0.9299492803928389,-38.3701171875,-0.6921803230949979,-39.58984375,-0.7141836628813524
2024-07-22,0.01200103759765625,0.011536685817467333,-0.0749969482421875,-0.07209511861773929,-10.10009765625,-0.42046947444466415,-3.5,-0.14570583479909852,-0.6100006103515625,-0.7588016108756312,-0.34999847412109375,-0.4353756397293392,0.953125,0.0023583745348130397,127.91015625,0.3164957956657909,19.8701171875,0.35837268822139745,59.41015625,1.0715073898184957
2024-07-23,0.1300048828125,0.12495063203461426,0.13800048828125,0.13263538921608584,8.800048828125,0.36731148880431114,12.60009765625,0.5259244260560549,-1.30999755859375,-1.6736905772050992,-2.8199996948242188,-3.6029127581086082,-85.640625,-0.21175253619636464,-57.3515625,-0.14180581720648722,-9.5595703125,-0.17177098535551014,-8.669921875,-0.15578535171991204
2024-07-24,-0.09799957275390625,-0.09403144464216223,-0.05300140380859375,-0.050855309142008635,-7.699951171875,-0.3180483755421314,8.699951171875,0.3593536213083437,0.1399993896484375,0.1807610008583931,0.6299972534179688,0.813424503862769,-356.7578125,-0.8872226627734952,-504.21875,-1.2539439539122166,-78.7099609375,-1.4295722936228934,-128.6103515625,-2.33588980450445
2024-07-25,-0.01200103759765625,-0.011526159509297756,-0.01399993896484375,-0.013445964843967822,-13.60009765625,-0.5749354325195519,-61.400146484375,-2.5956519333914607,0.779998779296875,1.0064500378024195,0.69000244140625,0.8903257308467742,106.44140625,0.26724848224262365,81.19921875,0.2038714888758273,-29.47998046875,-0.5430393907957004,-27.90966796875,-0.5141132677182848
2024-07-26,-0.0410003662109375,-0.03938555889713106,-0.04900360107421875,-0.04707358481508612,11.300048828125,0.47705699586536865,28.10009765625,1.1863088713430312,-1.1899948120117188,-1.5188191897728913,-1.1199951171875,-1.429476884492133,448.48046875,1.1172667345266571,654.26953125,1.6299340408678036,25.43017578125,0.46801105232529094,59.8798828125,1.1020154641973028
2024-07-29,0.24900054931640625,0.23927405321169898,0.2550048828125,0.2450438445490648,0.0,0.0,-2.699951171875,-0.11357216659318725,-1.4900054931640625,-1.927562010788536,-1.350006103515625,-1.7464502590144797,-125.78125,-0.3093054248905568,-49.41015625,-0.12150323973418177,-13.009765625,-0.2375540456851986,4.43994140625,0.08107187124363877
2024-07-30,-0.03099822998046875,-0.029706018623619185,0.00499725341796875,0.004788934826106465,24.10009765625,1.0122264120606643,27.699951171875,1.1634235922563254,-1.1800003051757812,-1.5544727285592013,-1.0799942016601562,-1.4227297451695915,121.19921875,0.2983576243128721,203.3984375,0.5007084635308361,-42.2900390625,-0.7718949320966852,-27.10009765625,-0.49464196543468575
2024-07-31,-0.371002197265625,-0.35594568292887346,-0.45999908447265625,-0.4413307777582991,19.39990234375,0.8059449776367562,21.5,0.8931909404571152,2.6700057983398438,3.548652145331249,3.1800003051757812,4.226475804708992,73.91015625,0.1812906271471432,99.4609375,0.24396289564085197,16.7099609375,0.3035090046976404,85.85986328125,1.5595034450072405
2024-08-01,0.3600006103515625,0.346671102238661,0.34600067138671875,0.333189529895001,-11.699951171875,-0.4781931338279209,8.5,0.34740671801333173,-2.279998779296875,-2.901131041531323,-1.600006103515625,-2.03589028893263,-568.9921875,-1.3906022697265479,-494.8203125,-1.2093281151936726,-91.15966796875,-1.646123227482512,-75.61962890625,-1.3655076896381217
2024-08-02,-1.1620025634765625,-1.1157009567473037,-1.2170028686523438,-1.1685096983411434,-18.300048828125,-0.748774501969108,-9.300048828125,-0.38052572946501634,-3.350006103515625,-4.358014809183262,-2.7900009155273438,-3.6295054193313385,-338.06640625,-0.8435773880516417,-610.70703125,-1.5238977690840805,-30.06982421875,-0.5592690007336074,-100.1201171875,-1.8621351919267213
2024-08-05,-0.5069961547851562,-0.49227708059163927,-0.5049972534179688,-0.4903362111784448,-40.300048828125,-1.6502886498003684,-24.0,-0.9828009828009828,-1.2699966430664062,-1.7113551525863504,-0.5799942016601562,-0.7815580229288959,-352.921875,-0.9036259355885975,-1033.9921875,-2.647447562781389,35.18994140625,0.6831485937531844,-160.22998046875,-3.1105731200474716
2024-08-06,0.10300445556640625,0.10034041867543214,0.27500152587890625,0.26788907422827585,-25.39990234375,-1.0519735905466971,-12.599853515625,-0.521841106466142,-0.660003662109375,-0.8935874040825215,0.2599945068359375,0.3520098899098831,261.44140625,0.6749275347119419,294.390625,0.7599880280002808,33.60986328125,0.645546532657435,53.69970703125,1.031413290457582
2024-08-07,0.22800445556640625,0.22185896955732656,0.23999786376953125,0.2335291151201212,-1.699951171875,-0.0710622525948234,1.39990234375,0.05851945373814697,2.3900070190429688,3.281173996709431,2.0300064086914062,2.78693919652961,-466.640625,-1.1894967022981304,-234.2109375,-0.5970186110529992,-93.6298828125,-1.7688944893744012,-40.52978515625,-0.7657054720658872
2024-08-08,0.1020050048828125,0.09911096647647541,0.0240020751953125,0.023321099516454127,37.89990234375,1.589560943153009,31.699951171875,1.3295286047347694,0.720001220703125,0.9540230675199889,0.9599990844726562,1.272027386968303,506.109375,1.2997032623089564,683.0390625,1.7540637294373398,66.740234375,1.2706206030288558,119.81005859375,2.2809798365997
2024-08-09,-0.12799835205078125,-0.12416777725912714,-0.06500244140625,-0.06305712953732867,9.800048828125,0.4045761726696958,9.900146484375,0.4087085119436196,0.8199996948242188,1.0786631557935078,0.649993896484375,0.8550301567839641,89.48046875,0.22706134720422724,51.05078125,0.1295440147820337,29.5,0.5550684170333681,24.85009765625,0.46757641929421345
2024-08-12,0.03099822998046875,0.030115835896786666,0.003997802734375,0.0038840014791819374,29.699951171875,1.22086372211945,30.2998046875,1.2455216547730863,3.0699996948242188,3.9875305624198747,3.220001220703125,4.182363047211377,-199.0,-0.5030840859663102,-140.52734375,-0.3552616597172976,-7.48974609375,-0.13994607984015547,0.22998046875,0.0042971904038537866
2024-08-13,-0.535003662109375,-0.5198500290045239,-0.5810012817382812,-0.5645447957729381,5.699951171875,0.231611181303332,4.300048828125,0.17472770532811865,-1.3899993896484375,-1.7431645684555432,-1.7099990844726562,-2.144468435268929,320.37109375,0.8121914175188742,408.62890625,1.03593893794101,57.4501953125,1.0684472607519668,90.0400390625,1.6745466672660099
2024-08-14,-0.04000091552734375,-0.03905385827240867,0.0050048828125,0.004886387760194562,-28.60009765625,-1.1588370201073743,-27.300048828125,-1.1061608115123582,-1.75,-2.222786644712979,-1.3699951171875,-1.740118199889353,207.80078125,0.5221047780090413,242.75,0.6099155840478573,12.85009765625,0.23611260517606703,20.77978515625,0.38181571373932766
2024-08-15,0.3730010986328125,0.36413443405360796,0.42299652099609375,0.41294140779779476,1.300048828125,0.05302425981867396,13.7001953125,0.5587811012177855,0.6400070190429688,0.8256024854978018,1.1800003051757812,1.5221882820880173,267.3203125,0.663395991492199,554.66796875,1.3764928809061985,42.09033203125,0.7651215827998403,88.01025390625,1.5998577706958992
2024-08-16,-0.5680007934570312,-0.5521271382328372,-0.5009994506835938,-0.4869982509682564,45.10009765625,1.8381943206134093,45.5,1.8544935805991443,-1.5100021362304688,-1.9319371359785282,-1.5100021362304688,-1.9319371359785282,130.90234375,0.3229855114815947,96.703125,0.238603125010843,23.75,0.42943675978663776,11.02978515625,0.19943558731127387
2024-08-19,-0.47899627685546875,-0.4686393514783193,-0.5759963989257812,-0.5635421231632555,-6.699951171875,-0.26708994107534384,3.199951171875,0.1275643281592585,-2.2099990844726562,-2.8858697200715637,-2.279998779296875,-2.977276997625104,225.703125,0.5549508957779551,236.76953125,0.5821605857699756,51.02001953125,0.9180836443797217,54.0,0.9717071308869085
2024-08-20,-0.41599273681640625,-0.40897876595748517,-0.43199920654296875,-0.4247153537791963,7.800048828125,0.31156576105951667,9.5,0.37946874375873774,-0.29999542236328125,-0.40354511318475206,-0.3300018310546875,-0.4439088610588049,-39.55078125,-0.09676145849191461,-61.5625,-0.15061339119334066,-5.759765625,-0.10280009112222388,-11.1298828125,-0.1986457508511335
2024-08-21,-0.34999847412109375,-0.34564336039636084,-0.38899993896484375,-0.3841595207962779,-2.60009765625,-0.10354829375746714,-2.900146484375,-0.115497669628634,-1.19000244140625,-1.6274649845549631,-2.1100006103515625,-2.8856681223937644,9.45703125,0.023133054526358113,55.51953125,0.13580756050521597,17.76025390625,0.3169724991302929,23.72998046875,0.42351597298086785
2024-08-22,0.384002685546875,0.38014422399355663,0.4889984130859375,0.4840849537598947,-25.2001953125,-1.0063573471398568,-29.5,-1.1780679225886763,1.0800018310546875,1.5014622917733744,1.0800018310546875,1.5014622917733744,-219.44921875,-0.5361281714602385,-177.70703125,-0.4341493957571447,-67.1298828125,-1.190716942690782,-50.2099609375,-0.8905996655336198
2024-08-23,-0.7589950561523438,-0.7487743029131244,-0.792999267578125,-0.7823206079912162,21.89990234375,0.8807521553891011,29.5,1.1864065956163283,1.8700027465820312,2.5630520422799803,1.8199996948242188,2.494517156883505,295.95703125,0.7239809059770828,462.296875,1.130887510863536,32.11962890625,0.5733098597686924,63.9697265625,1.1418088008436538
2024-08-26,0.15599822998046875,0.15509094934669065,0.1349945068359375,0.13420938317309847,7.800048828125,0.3107713108734455,9.300048828125,0.37053465038349115,2.3199996948242188,3.0892140372328685,2.589996337890625,3.448730213733784,39.6796875,0.09630795792144331,65.44140625,0.15883512690076193,-22.8203125,-0.40463985183061096,-17.77001953125,-0.31509025435791305
2024-08-27,-0.30999755859375,-0.30764408323471487,-0.2859954833984375,-0.2838242297729997,0.800048828125,0.03180855771535155,-1.699951171875,-0.0675871185144928,-1.6699981689453125,-2.1632101489135325,-1.8899993896484375,-2.448185834664689,64.21875,0.15592267145992939,9.98046875,0.024232507638693408,22.90966796875,0.40889018720196985,8.9599609375,0.15991677007515392
2024-08-28,0.4850006103515625,0.48256367703653524,0.5349960327148438,0.5323078924781023,0.0,0.0,-15.0,-0.5997600959616154,-1.2300033569335938,-1.6237668078331273,-1.0100021362304688,-1.3333361534395627,-158.75,-0.38484688131981265,-159.078125,-0.3856423325508871,-32.32958984375,-0.5747983591625521,-33.61962890625,-0.5977343858787694
2024-08-29,0.30999755859375,0.30704988253256305,0.279998779296875,0.2773363528486184,21.599853515625,0.8625794765888835,24.699951171875,0.9863803445794076,1.4900054931640625,2.0021573902508187,1.3900070190429688,1.8677869567900691,-10.44921875,-0.025272928734686964,243.62890625,0.5892513242069874,-15.33984375,-0.27356917383258955,-0.22021484375,-0.003927288559921628
2024-08-30,0.3639984130859375,0.3594690948122153,0.35400390625,0.3495989519867279,-25.699951171875,-1.0200417214477078,-31.89990234375,-1.266120354981147,-2.3199996948242188,-3.057861619661976,-2.3600006103515625,-3.1105845853655003,196.91796875,0.47603637370786445,228.02734375,0.5512412631210766,35.65966796875,0.6353343728675311,56.43994140625,1.005568386375444
2024-09-03,0.1510009765625,0.14860107241742004,0.141998291015625,0.13974146927208075,-11.7001953125,-0.46770846081521655,-3.900146484375,-0.15590607339794432,-3.19000244140625,-4.338368685386715,-3.2100067138671875,-4.3655742787405,-552.7421875,-1.3322404408627297,-626.1484375,-1.5091670027819424,-94.9599609375,-1.6885102416475055,-119.4697265625,-2.124325398579077
2024-09-04,-0.343994140625,-0.3384270273852827,-0.464996337890625,-0.45747095602107457,2.5,0.1003653337353174,3.5,0.14051146722944438,-1.0800018310546875,-1.5367129337128491,-1.1399993896484375,-1.622082255903879,102.91015625,0.25178608514163914,38.0390625,0.09306862391760416,13.3896484375,0.24315282547892605,-8.8603515625,-0.16090187335499204
2024-09-05,-0.16100311279296875,-0.159038980414157,-0.2270050048828125,-0.2242356927092275,17.699951171875,0.7097867232806893,18.0,0.721818997972919,-0.1199951171875,-0.1732281261767766,-0.04999542236328125,-0.07217471457505195,-300.578125,-0.7321115616692767,-219.21875,-0.5339463123262439,-16.669921875,-0.3019869574186006,-16.65966796875,-0.30180120094215684
2024-09-06,0.13299560546875,0.13166577829528317,0.069000244140625,0.06831030856485434,-16.800048828125,-0.6692446520872161,-17.89990234375,-0.7130582797106725,-1.660003662109375,-2.394351100919511,-1.4800033569335938,-2.134722800873578,-411.3984375,-1.0093980654880996,-410.33984375,-1.0068007233837368,-98.91015625,-1.7959729096839332,-94.990234375,-1.7247964626688934
2024-09-09,0.3730010986328125,0.3687785960872659,0.375,0.3707548691937266,10.5,0.4214666958698557,8.300048828125,0.333161348109363,0.5800018310546875,0.8513163869613833,1.0400009155273438,1.526494873702888,274.48046875,0.6768086018754573,484.1796875,1.193880857336487,28.97998046875,0.5325176156281731,62.6298828125,1.1508467336045434
2024-09-10,-0.0319976806640625,-0.03148448443255898,0.0800018310546875,0.07871871811154352,0.0,0.0,10.5,0.41794370878979115,-3.029998779296875,-4.405348695948101,-2.9599990844726562,-4.303575366395078,-179.5390625,-0.43879379345740716,-92.62890625,-0.22638521440005865,5.01025390625,0.09125298232995072,24.47021484375,0.44568202021883646
2024-09-11,0.0279998779296875,0.02755080063602562,0.05999755859375,0.0590352850685846,-13.699951171875,-0.5424004634979422,-0.199951171875,-0.007916349988502443,1.029998779296875,1.5540114638906783,1.55999755859375,2.3536475367000587,222.94921875,0.5486122345286304,124.75,0.3069729359948548,57.7099609375,1.0499554575119388,58.60986328125,1.0663279755607964
2024-09-12,-0.40900421142578125,-0.40193023077793355,-0.30699920654296875,-0.3016894655052933,22.099853515625,0.8738228089945994,39.099853515625,1.5459986558799845,1.5800018310546875,2.344564245978294,1.660003662109375,2.4632789392254586,234.66015625,0.5742732321928743,235.05859375,0.5752483103425201,38.27978515625,0.6887975357676639,41.6298828125,0.7490784124963901
2024-09-13,-0.05999755859375,-0.05929784385529486,-0.23099517822265625,-0.22830122309343368,12.5,0.4866085239177118,30.10009765625,1.1717571272229432,-0.6599960327148438,-0.9522378530700306,-0.31999969482421875,-0.46169341523016977,240.08203125,0.5833789812523498,297.01171875,0.7217132952526386,22.68017578125,0.4047617387788393,30.26025390625,0.5400395969200846
2024-09-16,-0.324005126953125,-0.3206860149544736,-0.40900421142578125,-0.40481436789334024,0.0,0.0,-0.900146484375,-0.03488399156880321,0.92999267578125,1.3446972621991982,1.4399948120117188,2.0821207862379674,186.90625,0.45108115048696173,228.296875,0.5509736406758902,17.8798828125,0.3184187757338075,7.06982421875,0.12590489523867496
2024-09-17,0.18700408935546875,0.18629616902993212,-0.1439971923828125,-0.14345207842482716,-16.89990234375,-0.6547304611592518,-16.099853515625,-0.6237352324571215,0.69000244140625,0.9787268672429078,1.100006103515625,1.560292345412234,-117.6015625,-0.2818573939772058,-15.8984375,-0.03810401891607079,-20.9296875,-0.37007605622420886,1.490234375,0.026350133529215322
2024-09-18,-0.3130035400390625,-0.3111521807652648,-0.285003662109375,-0.28331791704448966,0.0,0.0,6.39990234375,0.2489556333026167,-0.2299957275390625,-0.3233001539391763,-0.279998779296875,-0.39358839148038777,-125.80859375,-0.30221447853856825,-103.078125,-0.2476118750481491,-23.42041015625,-0.41513182999613735,-16.3203125,-0.2892810650639194
2024-09-19,-0.38899993896484375,-0.38625751415066717,0.03900146484375,0.03872650699861162,22.0,0.857365549493375,17.300048828125,0.6742029940812548,1.8199996948242188,2.595180045776369,1.0399932861328125,1.4829507013592897,52.6328125,0.12539815122883022,522.08984375,1.2438837689245439,11.01025390625,0.1930732685183457,95.38037109375,1.6725681493239226
2024-09-20,0.03299713134765625,0.032868942671852135,0.10199737548828125,0.10160113169479565,29.5,1.1388203023521155,31.89990234375,1.2314663197326214,-0.18000030517578125,-0.24965368791289075,-0.029998779296875,-0.04160718437135957,103.9296875,0.2476908963587781,38.16796875,0.09096398362480723,-7.09033203125,-0.12418176735258685,-11.09033203125,-0.194238721980532
2024-09-23,0.09999847412109375,0.09954058832611493,0.13700103759765625,0.13637371973541204,0.0,0.0,6.60009765625,0.251288698124881,-0.9399948120117188,-1.3181809622687857,-1.5499954223632812,-2.1736018446637675,64.25,0.1527565177383491,61.2890625,0.14571679008479438,6.669921875,0.11677238727981118,16.02001953125,0.2804674417469491
2024-09-24,-0.49100494384765625,-0.4878340153044212,-0.4010009765625,-0.39841129705238554,14.39990234375,0.5461127911519025,24.699951171875,0.936739635713084,0.7999954223632812,1.1305757464832924,1.1899948120117188,1.6817337140842437,-26.76953125,-0.06338235747039189,83.5703125,0.19786986075026472,5.27001953125,0.09200998989961678,14.3603515625,0.2507193368801751
2024-09-25,0.6539993286132812,0.6541955793012858,0.46500396728515625,0.4651435046585325,2.89990234375,0.10917073713225071,8.0,0.30117079595467183,-1.8499984741210938,-2.585963727209797,-1.8699951171875,-2.6139154224998453,-321.33984375,-0.760818165078203,-293.46875,-0.6948293534881445,-11.39013671875,-0.1986542065307134,-10.67041015625,-0.1861015293572118
2024-09-26,-0.41400146484375,-0.4112869558732086,-0.37799835205078125,-0.37551990691320436,7.599853515625,0.2854619455448028,10.699951171875,0.40190628312480553,-2.220001220703125,-3.176421863056897,-2.0200042724609375,-2.890262255117611,61.6875,0.14647942924965654,260.359375,0.6182337207667241,-16.85009765625,-0.2924237017676512,23.1103515625,0.4010667885091696
2024-09-27,-0.21599578857421875,-0.21529608287518942,-0.13700103759765625,-0.13655723076506573,-25.699951171875,-0.9625449877106741,-25.599853515625,-0.958796011821161,0.7300033569335938,1.0822881986099457,0.5100021362304688,0.7561188425580201,85.05078125,0.20140874189608018,137.890625,0.32653876769079276,-17.18994140625,-0.29867709082659616,-7.2001953125,-0.12510417217238992
2024-09-30,0.30100250244140625,0.30034174693187504,0.4120025634765625,0.41109814254467636,-24.7998046875,-0.9320081775964612,-8.199951171875,-0.30816458614818215,-0.45999908447265625,-0.670259511703167,-0.01000213623046875,-0.01457400062764918,40.3984375,0.09552772835025035,17.1484375,0.04054986728462571,35.9599609375,0.6279548628984544,24.31005859375,0.424517132758403
2024-10-01,0.4459991455078125,0.4438464873352127,0.40999603271484375,0.40801714706125763,35.900146484375,1.3642983893249847,31.199951171875,1.1856788146904487,1.4199981689453125,2.0757171362816558,1.660003662109375,2.426551049914371,-106.0,-0.25081058698698255,-173.1796875,-0.4097669724160114,-48.97998046875,-0.8506821374899285,-53.72998046875,-0.9331799276974034
2024-10-02,0.42000579833984375,0.41582675091417903,0.4940032958984375,0.4890879751810702,-3.5,-0.13204556972192139,-20.199951171875,-0.7620897316700651,-0.7000045776367188,-0.9887069879431865,0.26999664306640625,0.38135117433402826,71.37890625,0.16944490912307786,39.55078125,0.0938887815285483,11.39990234375,0.20006356583421245,0.7900390625,0.013864858419486691
2024-10-03,0.345001220703125,0.3402211181462599,0.3249969482421875,0.32049401129576244,14.300048828125,0.5410946179778509,10.0,0.37838655271836463,2.7299957275390625,3.8461476450076644,3.6100006103515625,5.085940320681774,-87.94140625,-0.20888927652846492,-184.9296875,-0.43926780657444975,1.75,0.0307115069521203,-9.60009765625,-0.1684762662348318
2024-10-04,0.5900039672851562,0.5802271539075166,0.5250015258789062,0.5163018522731296,-10.199951171875,-0.38403430616999246,-11.300048828125,-0.4254536456372364,0.43000030517578125,0.5814744055726462,0.6699981689453125,0.9060151407636244,104.48828125,0.24731971683376397,341.16015625,0.8075128830651779,13.58984375,0.23686084825153003,51.1298828125,0.891155751071095
2024-10-07,-0.01399993896484375,-0.013683173171853497,0.0260009765625,0.025412672572030906,-3.89990234375,-0.1472383590306086,-1.0,-0.03775437076432783,2.7399978637695312,3.682792752116362,2.7600021362304688,3.7096802145500547,-335.2734375,-0.7928051752637025,-398.51171875,-0.9423417357011264,-41.85986328125,-0.7295455524093495,-55.1298828125,-0.9608192110059609
2024-10-08,0.0579986572265625,0.05672517547905425,0.0019989013671875,0.0019550113095911886,-24.0,-0.9094353921940129,-29.800048828125,-1.1292174622252749,-3.7600021362304688,-4.862281193843839,-3.5699996948242188,-4.616577796834546,57.72265625,0.1373608242132823,126.1328125,0.30015436244480515,31.98974609375,0.5593453793580851,55.18994140625,0.9650041804695872
2024-10-09,0.4499969482421875,0.4401163246652957,0.391998291015625,0.38339114918624145,3.0,0.11525163273146369,-9.0,-0.3457548981943911,-0.5999984741210938,-0.8125656878089625,-0.3300018310546875,-0.44691474461158487,441.6796875,1.0498605292738108,431.62890625,1.0259700973128882,40.240234375,0.6996111780908252,40.91015625,0.711258347633375
2024-10-10,0.108001708984375,0.10519817661448101,0.0780029296875,0.07597811229912785,18.10009765625,0.6954888628722382,14.60009765625,0.5610027917867435,2.4599990844726562,3.3519540876568477,2.6100006103515625,3.5563436872295435,-57.25,-0.13466985074122173,-57.87890625,-0.1361492343362911,1.68994140625,0.029246039468548507,-11.990234375,-0.20750238231426674
2024-10-11,0.0070037841796875,0.006821646347127276,-0.09600067138671875,-0.09350411327440362,19.300048828125,0.73153350532278,37.0,1.402418197901129,-0.18000030517578125,-0.23765554562008373,-0.29000091552734375,-0.3828900497844701,356.328125,0.8382705711708439,409.73828125,0.9639192613661843,39.93994140625,0.691589957677877,34.97998046875,0.6057045243479031
2024-10-14,0.3820037841796875,0.3719608525131761,0.404998779296875,0.3943513060676941,-7.199951171875,-0.2711846015772128,-9.800048828125,-0.3691167166902072,-1.220001220703125,-1.6255845051222155,-1.7299957275390625,-2.30512412683845,264.328125,0.6175762259620036,201.359375,0.4704560397217202,30.0400390625,0.5152833241662451,44.8203125,0.7688125693551571
2024-10-15,0.05999755859375,0.058252883143634915,-0.02700042724609375,-0.026215278922345365,0.0,0.0,13.599853515625,0.5110037579714477,-0.9300003051757812,-1.3005177980614233,-3.25,-4.544818770678502,-499.75,-1.1557539628766798,-324.796875,-0.7511461238843654,-51.48046875,-0.8774969862882356,-44.59033203125,-0.7600529467792319
2024-10-16,0.3300018310546875,0.32017253520110267,0.345001220703125,0.334725159333099,0.0,0.0,12.60009765625,0.47120784054786835,-0.5999984741210938,-0.8451873393101045,-0.19000244140625,-0.2676467771852402,371.2109375,0.869214380389543,337.27734375,0.789756679427279,25.89013671875,0.445109263020682,27.21044921875,0.467808383161148
2024-10-17,0.30699920654296875,0.29706246351223375,0.2519989013671875,0.24384237107803577,13.60009765625,0.507959145152157,17.0,0.6349443721544358,-0.01000213623046875,-0.014151296246862509,0.279998779296875,0.39614994070164306,119.2421875,0.2765369128222048,161.3515625,0.37419359631245463,-34.14990234375,-0.5812135853346597,-1.0,-0.01701948015792881
2024-10-18,-0.28299713134765625,-0.27318963350917985,-0.345001220703125,-0.3330449202621819,0.0,0.0,22.699951171875,0.8364945123012708,-1.529998779296875,-2.1625424442358656,-1.4499969482421875,-2.049465651225707,88.7890625,0.20559152879687892,36.859375,0.08534807152342057,5.23974609375,0.08942415792251289,23.19970703125,0.3959379382510815
2024-10-21,0.5139999389648438,0.49748348865954595,0.5270004272460938,0.5100662299677626,1.2001953125,0.044094028272918716,9.400146484375,0.3453523943434071,1.0999984741210938,1.5836430875608685,1.339996337890625,1.9291626195690126,-290.609375,-0.6723611973950748,-344.30859375,-0.7966010675573161,-3.83984375,-0.06555073159000951,-10.68994140625,-0.18249010258139348
2024-10-22,0.1089935302734375,0.10500339794700202,0.0749969482421875,0.07225139309947011,12.5,0.4575905195824165,21.099853515625,0.7724074346662176,1.5999984741210938,2.2698234112778453,1.529998779296875,2.170518975264807,48.05078125,0.11206698400606169,-6.7109375,-0.01565166072046289,18.5,0.31717728291379843,-2.77978515625,-0.04765863259153965
2024-10-23,0.35199737548828125,0.33870326211390717,0.36800384521484375,0.3541052051079244,-28.10009765625,-1.0246161406107566,-29.800048828125,-1.0866015981084778,-0.5800018310546875,-0.8128967672859255,-1.3199996948242188,-1.8500346503903395,-319.44921875,-0.7457772967586106,-409.94140625,-0.9570378508948799,-37.080078125,-0.6355313758676836,-53.7802734375,-0.9217631920044562
2024-10-24,-0.38100433349609375,-0.3652965698448007,-0.358001708984375,-0.3432422804500977,5.89990234375,0.21619283047819715,20.5,0.7511909124221327,-0.8299942016601562,-1.1686767683636432,-0.5799942016601562,-0.8166632344057994,-148.19140625,-0.3485007449631735,-140.58984375,-0.33062420096395545,-7.93994140625,-0.13647670378504007,12.43994140625,0.21382553239846666
2024-10-25,0.2220001220703125,0.21364653473808365,0.21300506591796875,0.20498995131461123,15.39990234375,0.5650303556686846,6.0,0.2201430930104568,1.4499969482421875,2.0617046928639944,1.589996337890625,2.2607653867407573,-363.11328125,-0.8548365159763306,-259.9609375,-0.6119966235810621,-18.6298828125,-0.3197302580769726,-1.73974609375,-0.02985791554039559
2024-10-28,-0.0970001220703125,-0.09301891369946039,0.050994873046875,0.04890187345974463,6.7998046875,0.24852178081221257,2.0,0.07309674093112327,-1.600006103515625,-2.3195216376497885,-4.400001525878906,-6.378662382939179,123.03125,0.2910980522420077,273.171875,0.6463382330895379,-10.41015625,-0.17844156402859115,15.39990234375,0.26397131744360863
2024-10-29,0.061004638671875,0.05858507661669277,0.00800323486328125,0.007685811076902292,0.0,0.0,25.5,0.9211096987256606,-0.80999755859375,-1.1908226971021423,-0.1699981689453125,-0.249923812606717,-90.4296875,-0.21366316403673308,-154.51953125,-0.36509173994820954,13.23974609375,0.22749954797941555,9.39990234375,0.1615192254527652
2024-10-30,-0.26300048828125,-0.25258150135054025,-0.32900238037109375,-0.31596867262530015,13.89990234375,0.500969575957684,20.10009765625,0.7244322406399711,1.1399993896484375,1.6896389047324183,1.4000015258789062,2.07499851867398,-108.26953125,-0.25626040650517,-91.51171875,-0.2165967652775054,-18.97998046875,-0.3254092185633021,-19.25,-0.330038667197644
2024-10-31,-0.12200164794921875,-0.1173092768742488,0.01599884033203125,0.015383500319260819,-49.099853515625,-1.761492976818289,-50.199951171875,-1.800959780821726,0.160003662109375,0.2315537853004419,0.6500015258789062,0.9406679308717217,-192.87890625,-0.4597133757813531,-378.078125,-0.9011227538150476,-69.8896484375,-1.2101391490084121,-108.2197265625,-1.8738243893926698
2024-11-01,0.4029998779296875,0.38824649911497555,0.32500457763671875,0.31310652030969754,-6.89990234375,-0.25131678542159896,0.300048828125,0.010928749886177381,-0.9500045776367188,-1.3486719828366789,0.2299957275390625,0.3265129465751775,182.37109375,0.4355669367311666,288.73046875,0.6895908952917124,5.57958984375,0.09749039237174152,23.349609375,0.4079802715688001
2024-11-04,0.01000213623046875,0.009637826506184236,-0.41300201416015625,-0.39795916266916187,-0.39990234375,-0.014613643111638954,-2.5,-0.09135757354284671,1.1800003051757812,1.6787598375391604,1.9800033569335938,2.8169061475943202,-210.05859375,-0.500084021555272,-257.58984375,-0.6132411089431762,-12.4599609375,-0.21763554055412884,-16.10986328125,-0.28138762401059536
2024-11-05,-0.496002197265625,-0.47775206966250106,-0.46600341796875,-0.448857078923669,-2.699951171875,-0.09843059321454611,4.199951171875,0.15311524505559607,0.3699951171875,0.5166086330611842,0.5199966430664062,0.7260494598224829,386.390625,0.9235953513973306,427.27734375,1.021327493245726,60.32958984375,1.054265198360652,70.06982421875,1.2244767007433826
2024-11-06,0.875,0.8404572037943102,1.6610031127929688,1.5954308933389985,-66.89990234375,-2.4465131593984277,-72.699951171875,-2.658619534535564,-0.32999420166015625,-0.45819802421766126,-0.29999542236328125,-0.41654462141961623,879.53125,2.052562594681241,1508.05078125,3.5193389938942734,64.14990234375,1.0937954650185513,146.2802734375,2.494169030067116
2024-11-07,-0.7549972534179688,-0.7181900151419441,-0.6149978637695312,-0.5850158038235732,35.89990234375,1.3483531396713615,30.7998046875,1.156800176056338,0.48999786376953125,0.6817835606564442,0.6699981689453125,0.9322361810778921,10.41796875,0.023829427403966603,-0.58984375,-0.0013491726801645883,25.89013671875,0.43533248176542866,44.06005859375,0.7408525826924817
2024-11-08,0.5500030517578125,0.5271258108699791,0.5199966430664062,0.49836751132563695,-1.0,-0.037195462153617256,-10.89990234375,-0.40542690510507723,-1.8300018310546875,-2.534277599026024,-1.9800033569335938,-2.742007176343192,220.45703125,0.5036884376831813,259.6484375,0.5932308672112455,18.7802734375,0.31422165477544695,22.43994140625,0.37545329386186926
2024-11-11,0.5019989013671875,0.4782991687954534,0.5670013427734375,0.540232797752827,-60.5,-2.2644758433095444,-76.300048828125,-2.8558614448698805,-2.2099990844726562,-3.145906170067838,-2.339996337890625,-3.330955641125445,235.48046875,0.5344826088120695,304.140625,0.6903242360550692,-7.509765625,-0.12497821210460303,5.81005859375,0.09669153093840516
2024-11-12,0.5449981689453125,0.5170515395445916,0.4929962158203125,0.4677161629237117,-5.5,-0.21109192093648052,-11.199951171875,-0.42985803768470543,-0.029998779296875,-0.044018750733972364,0.0800018310546875,0.11739079862574625,-448.23046875,-1.0104563613215194,-382.1484375,-0.8614861027136591,-19.60986328125,-0.3266350683301759,-17.35986328125,-0.28915755544789085
2024-11-13,0.41400146484375,0.3906964367021949,0.4290008544921875,0.40485147861868676,-30.300048828125,-1.1604322965374874,-19.199951171875,-0.73532038044459,0.4499969482421875,0.6619548779358662,0.30999755859375,0.4560128615559003,77.73046875,0.1771414134885989,47.2109375,0.10758988509086921,-0.3701171875,-0.006183305141377438,1.3896484375,0.023215945161425052
2024-11-14,0.17800140380859375,0.16726311489501303,0.21900177001953125,0.20579005242215717,13.099853515625,0.5126943374015474,-12.60009765625,-0.4931351874553899,0.5699996948242188,0.8366354290372774,0.26999664306640625,0.39629627763248,-281.51953125,-0.6393466313718535,-207.33203125,-0.4708626615233162,-40.51025390625,-0.6763341734012724,-36.2099609375,-0.6045391385655585
2024-11-15,-0.2050018310546875,-0.19191334173409524,0.016998291015625,0.015913022902253972,0.0,0.0,-2.5,-0.09743929717339446,-1.600006103515625,-2.331690526776205,-1.6800003051757812,-2.448266158455469,-142.94140625,-0.3279380490764448,-305.87109375,-0.7017334751682796,-42.169921875,-0.7131983648397269,-78.5498046875,-1.3284727542930719
2024-11-18,-0.5040054321289062,-0.47233533900022295,-0.41400146484375,-0.3879869338264346,18.900146484375,0.729256736522645,44.900146484375,1.732459286580329,2.3000030517578125,3.4400284635978835,2.1400070190429688,3.200728386938787,-42.2890625,-0.09736868897818099,-55.38671875,-0.12752546102176504,19.4501953125,0.3311139373082965,23.0,0.3915446830087363
2024-11-19,-0.0370025634765625,-0.034848901271625626,-0.0579986572265625,-0.05462295824059753,5.2001953125,0.19833691239896223,16.5,0.629314642608989,0.37999725341796875,0.5506408370598629,0.2299957275390625,0.3332788297630178,25.671875,0.05936617484819937,-120.66015625,-0.27902644170511726,46.93017578125,0.7994851379927668,23.35986328125,0.3979500014224086
2024-11-20,0.5059967041015625,0.4768605232221627,0.47299957275390625,0.44576342477917463,9.699951171875,0.3676312742798939,21.099853515625,0.7996912456177752,-0.6800003051757812,-0.9777142707955566,-0.5199966430664062,-0.7476586919477696,112.41796875,0.2596494754636704,139.52734375,0.32226344258267636,2.77001953125,0.046835650375708936,0.1298828125,0.0021960661025803943
2024-11-21,0.375,0.3519309266819877,0.31400299072265625,0.2946863026825067,12.800048828125,0.4813315005114073,23.900146484375,0.898738241098709,1.05999755859375,1.5353382742429147,1.2299957275390625,1.7815696860201402,331.65234375,0.7617415074430461,461.8828125,1.0608557921755493,8.1298828125,0.1368533494302462,31.60009765625,0.5319362291337684
2024-11-22,0.5020065307617188,0.469143071489293,0.5770034790039062,0.5392304040131879,22.39990234375,0.8334847383720929,37.7998046875,1.4065043604651164,1.05999755859375,1.5103983385357367,1.1399993896484375,1.6243935376049896,424.8828125,0.9684682859803064,426.16015625,0.9713798344726807,24.97998046875,0.4202299497890965,20.6298828125,0.3470496956271492
2024-11-25,-0.2050018310546875,-0.19163527364226196,-0.7370071411132812,-0.688952700748647,-72.599853515625,-2.6994815256874185,-93.099853515625,-3.461733356742172,-2.5,-3.4994399699950365,-2.2999954223632812,-3.219478364729473,351.08203125,0.7909838211655079,440.05859375,0.9914470039431701,-4.90966796875,-0.08193322316010615,18.0302734375,0.3008917154062735
2024-11-26,-0.4420013427734375,-0.4115085445522247,0.19800567626953125,0.18434565638077618,-5.300048828125,-0.20186047497698165,3.5,0.1333028591492012,-0.31000518798828125,-0.4487625648106446,-0.17000579833984375,-0.2460998752658084,245.41796875,0.5500808481473219,123.73828125,0.2773474943378279,21.60009765625,0.3599998404955835,34.259765625,0.570993259229426
2024-11-27,-0.7520065307617188,-0.7041259450126407,-0.9200057983398438,-0.8614286255160377,6.39990234375,0.24301888527624832,19.599853515625,0.7442511302686539,-0.19000244140625,-0.27572548441283007,-0.04999542236328125,-0.072551762743225,-115.69140625,-0.258022327726079,-138.25,-0.30833393736304787,-15.36962890625,-0.25555949684405094,-22.8896484375,-0.38059910706406
2024-11-29,-0.16699981689453125,-0.15755442480038656,-0.21999359130859375,-0.20755090863534864,20.60009765625,0.7813722659425297,17.10009765625,0.6486154714634936,-0.7699966430664062,-1.1196694498370892,-0.720001220703125,-1.0469699808771442,150.59765625,0.3364555080287921,188.58984375,0.4213351872000118,28.39990234375,0.47301793870293235,33.6396484375,0.5602891506455964
2024-12-02,0.602996826171875,0.5698325722083406,0.5949935913085938,0.5622695076776641,-14.10009765625,-0.5322800172234805,-22.10009765625,-0.8342807722253681,0.09999847412109375,0.14705657958984375,0.09999847412109375,0.14705657958984375,-143.859375,-0.3202150765758167,-128.6484375,-0.2863572100561515,7.0400390625,0.1165548180720598,14.77001953125,0.2445322993384475
2024-12-03,-0.12000274658203125,-0.11272097277289364,-0.08300018310546875,-0.07796372705170768,5.699951171875,0.215989055395036,9.800048828125,0.37135463539693064,1.779998779296875,2.6115004161691218,1.8400039672851562,2.699536191938363,-64.046875,-0.1430589201023435,-76.46875,-0.17080516101021445,6.90966796875,0.11434224765459414,2.72998046875,0.045176136431124
2024-12-04,-0.13500213623046875,-0.12685189791802307,-0.04999542236328125,-0.0469771397036906,14.60009765625,0.5532016492258257,9.10009765625,0.34480516158729524,-1.4799957275390625,-2.1136758047611477,-1.4000015258789062,-1.9994310097093366,72.98828125,0.16240893343876078,308.5078125,0.6864721833088815,17.10009765625,0.28174326037796443,36.6103515625,0.6031965442625573
2024-12-05,-0.60400390625,-0.5681801462923209,-0.5890045166015625,-0.5540703776028163,-25.7998046875,-0.9726966384180011,-27.199951171875,-1.0254845488359505,-0.43999481201171875,-0.6400855770809164,-0.23999786376953125,-0.34913859649103335,-272.73046875,-0.6055504147888943,-248.328125,-0.5513692686655436,-13.919921875,-0.22860656567871926,-11.38037109375,-0.18689957998715834
2024-12-06,0.259002685546875,0.2448503389447634,0.33800506591796875,0.3195358950827693,18.400146484375,0.702242074164821,12.0,0.4579803153813907,-1.2400054931640625,-1.811813923042554,-1.100006103515625,-1.607256084564545,-181.76953125,-0.4055157037662164,-123.19140625,-0.2748318128999885,8.89013671875,0.1461861763294174,15.16015625,0.24928809813125458
2024-12-09,0.160003662109375,0.15099671366870174,0.08599853515625,0.0811574936331111,32.7998046875,1.2461457950138957,26.2998046875,0.9991947004948112,1.220001220703125,1.8168297736120664,1.1700057983398438,1.7423764285231413,-236.0390625,-0.5287854020015191,-240.58984375,-0.5389802683393832,-30.15966796875,-0.49580173517362813,-37.419921875,-0.6151547230198353
2024-12-10,0.20200347900390625,0.19024625958120242,0.2570037841796875,0.24204537901772802,35.300048828125,1.3259230056981428,32.7001953125,1.2282685915471387,0.399993896484375,0.5865873033632438,0.21999359130859375,0.3226185414755309,-43.7421875,-0.09875962218403227,-154.1015625,-0.3479252630076865,-22.6796875,-0.3744011741468445,-17.93994140625,-0.29615642308235474
2024-12-11,0.3300018310546875,0.3102541603745888,0.31299591064453125,0.294265892850777,32.0,1.1843955667215136,36.199951171875,1.3398456776095002,1.7900009155273438,2.6131400226676553,1.7000045776367188,2.4817585074988595,-151.8515625,-0.34277687715398375,-99.26953125,-0.22408264596167593,24.0400390625,0.39669050188350236,49.27978515625,0.8131776597999854
2024-12-12,0.41400146484375,0.38856959215230347,0.26399993896484375,0.2477825740315155,-37.60009765625,-1.3797694142900785,-46.300048828125,-1.6990219503476525,-0.410003662109375,-0.5821434904626068,-0.2700042724609375,-0.38336542849779787,-254.5390625,-0.5762888473400567,-234.4375,-0.5307779298051141,-23.0400390625,-0.37930423003074076,-32.93994140625,-0.542284632350778
2024-12-13,0.0279998779296875,0.02617667357388484,0.03399658203125,0.0317829039360302,-32.199951171875,-1.197825747963353,-31.5,-1.1717878346909467,1.2300033569335938,1.755642877242319,1.2700042724609375,1.8127381055056222,-101.08984375,-0.23012019887848528,-86.0625,-0.1959120608095671,-17.080078125,-0.28147000405226685,-0.16015625,-0.0026392842003757438
2024-12-16,0.214996337890625,0.20127915833598564,0.0370025634765625,0.034641728812261546,-6.900146484375,-0.259569888937738,-4.60009765625,-0.1730465926251587,-0.7300033569335938,-1.0218411701935886,-0.5800018310546875,-0.8118726361052326,-108.28125,-0.2470721460470908,-110.578125,-0.25231307035718054,10.2900390625,0.1696964933847034,22.990234375,0.37913968371098866
2024-12-17,0.2180023193359375,0.20480278074211655,-0.36699676513671875,-0.34477595583530596,-7.400146484375,-0.2790612545484057,-7.0,-0.26397163704304993,-0.529998779296875,-0.7506001624636385,-0.6299972534179688,-0.8922209998191247,-206.5703125,-0.47317228904364833,-267.58203125,-0.6129264205548004,-1.93994140625,-0.03205163887701642,-23.47021484375,-0.387774006015995
2024-12-18,1.1090011596679688,1.0399485802844253,1.08599853515625,1.0183782270929647,-7.800048828125,-0.2949759363193957,-7.89990234375,-0.2987521157915117,0.3600006103515625,0.5126753120098532,0.5,0.7120478372372683,-1132.84765625,-2.6066612689480415,-1123.02734375,-2.5840649135586045,-175.48974609375,-2.9017841463630267,-178.44970703125,-2.9507281326270607
2024-12-19,0.31200408935546875,0.28932130930149436,0.4029998779296875,0.3737016799100999,10.099853515625,0.39114879879337555,-44.300048828125,-1.7156596240531408,-0.2299957275390625,-0.3279095088971533,-0.6699981689453125,-0.955229790099191,-121.890625,-0.28704374289439333,15.3671875,0.036188632372341475,-45.6298828125,-0.7717253698212025,-5.080078125,-0.08591793202375378
2024-12-20,-0.8390045166015625,-0.7754917253615483,-0.8010025024414062,-0.7403664704372428,23.39990234375,0.898165351598384,36.5,1.4009902627690756,0.2299957275390625,0.3322197261110312,-0.45000457763671875,-0.6500138029989702,544.0,1.2861656749178945,498.0234375,1.1774644312814657,88.85009765625,1.5208849307814103,63.77001953125,1.0915785609594317
2024-12-23,0.2819976806640625,0.26226242888840307,0.45600128173828125,0.4240886075491306,-7.699951171875,-0.29389126610209926,-16.39990234375,-0.6259504711354962,-0.160003662109375,-0.2305528221778359,-0.220001220703125,-0.31700463381270627,106.4609375,0.2487376704686762,66.6875,0.1558101383371703,33.81982421875,0.5693333482387105,43.2197265625,0.7275742024746433
2024-12-24,0.11299896240234375,0.10471592861415245,0.21600341796875,0.2001699663036854,7.0,0.26789131266743205,7.699951171875,0.29467857527267505,0.5400009155273438,0.7763095665327976,0.8600006103515625,1.2363436465436077,380.55078125,0.8867241141246457,390.08203125,0.9089329483437989,55.41015625,0.9258744038480085,65.97021484375,1.1023273976092076
2024-12-26,-0.04199981689453125,-0.03891213956968051,-0.1300048828125,-0.12044738569797564,10.300048828125,0.391860332057257,18.800048828125,0.715238684729884,-0.5799942016601562,-0.826202602384414,-0.4799957275390625,-0.6837546273584014,123.94921875,0.28690719093528433,28.76953125,0.06659328294848474,12.61962890625,0.20945545714332256,-2.4501953125,-0.040667343159032414
2024-12-27,-0.102996826171875,-0.09546024317754481,-0.1009979248046875,-0.09360760734698802,-0.5,-0.019100737644746613,-21.60009765625,-0.8251555968658749,0.9199981689453125,1.3203188359873985,0.9799957275390625,1.4064232537987935,-150.16015625,-0.3480572635279974,-333.58984375,-0.7732302033773172,-35.330078125,-0.5882297468195953,-66.75,-1.1113571688488302
2024-12-30,0.13800048828125,0.128021235331313,0.14099884033203125,0.13080276703659857,-14.599853515625,-0.5570974849332337,-11.099853515625,-0.42354537804534154,0.5699996948242188,0.8094287271305046,0.3899993896484375,0.5538190851876851,-290.12890625,-0.6768613710486726,-418.48046875,-0.9763014223448002,-13.72998046875,-0.2318991034785113,-63.89990234375,-1.0792681096384058
2024-12-31,0.4459991455078125,0.41353653390623946,0.36299896240234375,0.33657762405017216,20.800048828125,0.7974256098321173,23.099853515625,0.8855947853267772,0.5699996948242188,0.8011239390021611,0.7300033569335938,1.0260061015853592,-92.48046875,-0.21690344338224618,-29.51171875,-0.06921670600856895,-38.1103515625,-0.6437841873736145,-25.31005859375,-0.42755353430507764
2025-01-02,0.878997802734375,0.811407539810818,0.9130020141601562,0.8427970079646286,25.89990234375,0.9836651099031523,29.699951171875,1.1279890304548044,1.279998779296875,1.7814875525124814,1.4099960327148438,1.962416231953986,-267.8203125,-0.6278006293023256,-151.94921875,-0.35618588546470586,-34.7099609375,-0.587979562404114,-13.080078125,-0.22157381928482972
2025-01-03,-0.1970062255859375,-0.1807479431364255,-0.41100311279296875,-0.3770843639029656,-13.699951171875,-0.5152876000857665,-13.89990234375,-0.5228082370717817,0.8300018310546875,1.1349676770511499,0.8300018310546875,1.1349676770511499,236.3671875,0.556213556223208,339.859375,0.7997488720152699,51.400390625,0.8725136886629334,73.92041015625,1.254787540496569
2025-01-06,-0.6790008544921875,-0.6241964167234535,-0.6969985961914062,-0.6407415002876978,-7.10009765625,-0.2683839597902098,-6.60009765625,-0.24948394089019088,-0.4900054931640625,-0.6617224483050587,-0.40000152587890625,-0.5401775954003974,-128.9609375,-0.30106075264458626,-25.5703125,-0.05969418085695346,-7.43017578125,-0.12419207209457107,32.90966796875,0.5500704125058814
2025-01-07,0.20299530029296875,0.1876545362294493,0.27700042724609375,0.256066946551006,3.300048828125,0.1243705792409981,18.300048828125,0.6896830293828139,0.80999755859375,1.1029378154501053,0.69000244140625,0.9395457767812101,-281.3515625,-0.6572143477230177,-178.19921875,-0.41625886941904794,-84.22998046875,-1.4054118086431078,-66.35009765625,-1.107078622502036
2025-01-08,0.42600250244140625,0.3926290345082085,0.548004150390625,0.5050729496687788,9.0,0.33891922425155335,7.800048828125,0.29373183310581813,-1.1999969482421875,-1.6103019354521662,-0.9300003051757812,-1.2479875832929357,93.09765625,0.21883652389204888,106.83984375,0.25113908299296894,7.58984375,0.1284094085831413,9.22021484375,0.1559929787876645
2025-01-09,0.12400054931640625,0.11388735529428351,0.07799530029296875,0.07163418649932075,14.10009765625,0.528152897858829,19.300048828125,0.722929511972054,0.5999984741210938,0.8183285278483828,0.5999984741210938,0.8183285278483828,-601.83984375,-1.4147525957470097,-696.75,-1.6378591103984697,-63.31005859375,-1.0748097743619833,-91.2099609375,-1.5484641731871274
2025-01-10,0.457000732421875,0.4191513689245793,0.483001708984375,0.4429989125855971,22.39990234375,0.8339191217518283,24.699951171875,0.9195469369673483,2.279998779296875,3.069052027458426,2.6500015258789062,3.567103907956784,372.44140625,0.8883583822848975,358.671875,0.8555148844868559,54.2001953125,0.9373920382395015,9.18017578125,0.15877108260158254
2025-01-13,0.32199859619140625,0.29408950815036616,0.3249969482421875,0.2968279793434261,-37.60009765625,-1.3868944820132365,-35.0,-1.2909888509929068,2.279998779296875,2.978832965801992,2.25,2.93963936907081,151.859375,0.3584427673596167,221.16015625,0.52201754706244,-16.35986328125,-0.2792133359056016,6.68994140625,0.11417704567206828
2025-01-14,-0.31999969482421875,-0.2924241011896292,-0.701995849609375,-0.6415021910368872,3.89990234375,0.1458670781456344,4.0,0.14961100590572646,-1.3199996948242188,-1.6747014716252246,-1.3199996948242188,-1.6747014716252246,293.7890625,0.6843801091350139,703.26953125,1.6382627537340846,44.7001953125,0.7569619981031713,107.0,1.8119592818510535
2025-01-15,-0.16400146484375,-0.1503497085540563,-0.194000244140625,-0.17785133927765834,21.699951171875,0.8064497836368624,35.0,1.3007283843049917,2.0100021362304688,2.5759351117198377,2.5400009155273438,3.2551594966848363,-137.12109375,-0.3167482140897777,-68.421875,-0.158053776543217,-26.27001953125,-0.4405053337408614,-12.5703125,-0.21078361576596602
2025-01-16,-0.0579986572265625,-0.05327086771670493,-0.0989990234375,-0.09092906859931113,14.699951171875,0.5381246635659547,33.89990234375,1.2409819141815792,-1.720001220703125,-2.1393049602735346,-1.3600006103515625,-1.6915430155978413,175.27734375,0.40468026146794744,334.69921875,0.7727534229983316,1.26025390625,0.02102034771287459,59.3203125,0.9894304544524248
2025-01-17,0.417999267578125,0.3842434650978619,0.3860015869140625,0.35482977792876585,8.300048828125,0.3033643577531067,-2.099853515625,-0.07674903200383772,-0.8700027465820312,-1.104765392485119,-0.8000030517578125,-1.0158768911210319,497.16015625,1.1421447118070769,537.98046875,1.235922749870012,35.1201171875,0.5839610201188317,52.580078125,0.8742771527747445
2025-01-21,-0.5839996337890625,-0.538521495165752,-1.3420028686523438,-1.2374963091234108,9.0,0.3277494537509104,10.699951171875,0.38965590574927167,-2.3000030517578125,-2.9415564393688065,-1.9899978637695312,-2.5450796797976682,-21.328125,-0.0482776420669091,130.921875,0.2963504489953343,4.97998046875,0.08188885035810213,37.1298828125,0.6105492655094423
2025-01-22,0.1719970703125,0.1595668140380575,0.1009979248046875,0.09369878833551301,13.10009765625,0.4755889510346705,12.60009765625,0.45743683631330556,-0.43999481201171875,-0.5798561253794714,-0.4499969482421875,-0.5930376443469332,451.51953125,1.0235393053916522,408.33984375,0.9256562587193968,42.39013671875,0.6976284650092497,32.33984375,0.5322274779069587
2025-01-23,-0.18700408935546875,-0.17307180386278248,-0.0989990234375,-0.09162334163940539,3.10009765625,0.11232237884963767,-4.5,-0.16304347826086957,-0.7699966430664062,-1.0213511729675542,-0.8199996948242188,-1.0876770148068342,-109.5,-0.24588093300025263,-140.8203125,-0.31621031801723415,-20.18994140625,-0.32982392719481196,-17.4697265625,-0.28538635679643964
2025-01-24,-0.7049942016601562,-0.6530747768322527,-0.6179962158203125,-0.5724837733127659,17.5,0.6341039093549877,14.199951171875,0.5145282600420501,0.3600006103515625,0.4845230088359269,0.04000091552734375,0.05383703079995687,564.73828125,1.2791690183676436,289.328125,0.6553470624006877,43.23974609375,0.7244003359129964,-88.96044921875,-1.490364424372703
2025-01-27,-0.18999481201171875,-0.17698632017914828,-0.08499908447265625,-0.07917939979584351,-23.60009765625,-0.8547353164154701,-39.800048828125,-1.4414562102224808,-1.3700027465820312,-1.8379430235513285,-1.4900054931640625,-1.9989340956040706,93.9921875,0.21000856372715193,136.7734375,0.30559553862282834,40.72998046875,0.6757952838133601,55.42041015625,0.9195401367631744
2025-01-28,0.12799835205078125,0.11900734664831913,0.5229949951171875,0.4862581875628704,28.800048828125,1.0518644568343682,29.300048828125,1.0701259615823595,0.6199951171875,0.8475667864041794,0.5999984741210938,0.8202302961112409,-106.03125,-0.2365736562543986,-136.83203125,-0.3052954098487817,-18.39013671875,-0.3035828140352744,-28.39013671875,-0.4686619641678294
2025-01-29,0.0789947509765625,0.07332660216749017,0.12599945068359375,0.1169585507819297,0.0,0.0,2.300048828125,0.08306123820051677,-1.3299942016601562,-1.7985047417798044,-1.149993896484375,-1.5550966111455813,333.4375,0.7484787756374367,168.609375,0.37848333963934305,20.419921875,0.3374775337768045,31.85986328125,0.5265440363797876
2025-01-30,-0.069000244140625,-0.06406708086889243,-0.17800140380859375,-0.16527521713314122,50.5,1.8214607754733996,53.89990234375,1.9440902558611362,-0.26999664306640625,-0.3698584151594606,0.1100006103515625,0.15068576760488014,-509.69921875,-1.1312983378758783,-337.46875,-0.7490257428613144,-56.26025390625,-0.9227848350654553,-30.64013671875,-0.5025617828797909
2025-01-31,0.1970062255859375,0.1823794035440594,0.5860061645507812,0.5424978548065857,-16.5,-0.5832449628844115,-10.5,-0.3711558854718982,-0.6699981689453125,-0.9152980831666574,-0.20000457763671875,-0.27323030870907933,153.76171875,0.3473416534849849,-122.75,-0.27728740490085013,24.919921875,0.4174436069561829,-45.9599609375,-0.7698937406606644
2025-02-03,-0.34799957275390625,-0.3186079904925414,0.6599960327148438,0.6042536433371688,15.699951171875,0.5570914570964557,21.39990234375,0.7593464876348255,-0.9799957275390625,-1.3218178252047454,0.6300048828125,0.8497503210129005,86.578125,0.19469119520401204,134.12890625,0.3016202657336293,39.73974609375,0.662534472152053,43.31005859375,0.7220581314634396
2025-02-04,-0.707000732421875,-0.6514334657458248,-1.0540008544921875,-0.9711608461689656,25.699951171875,0.9088962471453179,19.400146484375,0.6860993709985883,0.34999847412109375,0.4837574035972992,-0.4600067138671875,-0.6358074962941811,309.65234375,0.6948544168192092,317.2421875,0.7118858927925126,41.02978515625,0.6815069276413188,23.60009765625,0.39199888530968907
2025-02-05,-0.3730010986328125,-0.3459640033264626,-0.3809967041015625,-0.35338004496046005,21.60009765625,0.7578981633771931,18.300048828125,0.6421069764254386,-1.7300033569335938,-2.3776845878790147,-1.6699981689453125,-2.2952145683263323,-201.5625,-0.44842297201362685,-125.65234375,-0.2795430569915181,11.349609375,0.1869103717163533,22.08984375,0.3637852872331709
2025-02-06,0.0319976806640625,0.0297611317915733,0.1049957275390625,0.09765681824407052,-9.199951171875,-0.32109281476541257,-15.60009765625,-0.5444680274362533,-0.5699996948242188,-0.8007863056763317,-0.4199981689453125,-0.5900508108241365,-459.171875,-1.0257942557685873,-444.23046875,-0.9924150147069372,-57.1396484375,-0.9393133064435214,-57.57958984375,-0.9465454618425542
2025-02-07,0.3280029296875,0.30483544083542724,0.38100433349609375,0.35409325176498885,7.400146484375,0.2587554368007922,11.300048828125,0.39512043127328916,0.44000244140625,0.6235862480591321,0.3899993896484375,0.5527202425490136,73.48828125,0.16552562237739596,167.01171875,0.376178599093476,20.0400390625,0.3314375394643006,40.44970703125,0.6689882853360491
2025-02-10,-0.07199859619140625,-0.06650219054847219,0.2649993896484375,0.24476921548274166,50.10009765625,1.7491829659361513,47.0,1.640946889227135,1.3199996948242188,1.8591544997524208,1.3199996948242188,1.8591544997524208,192.26953125,0.43302603654711247,123.23828125,0.27755507663446194,19.18017578125,0.3170633449476621,2.06005859375,0.0340543838582059
2025-02-11,-0.40200042724609375,-0.37141444540043417,-0.3600006103515625,-0.33261016152027645,-13.0,-0.44436848401982565,-1.800048828125,-0.06152961299350538,0.8300018310546875,1.1449880749265715,1.0,1.3795006614282155,10.859375,0.02448137570536964,-225.08984375,-0.5074425583706887,26.89013671875,0.4463033913255173,-16.52978515625,-0.27434963422750147
2025-02-12,-0.07700347900390625,-0.07136559584333056,-0.01000213623046875,-0.009269820286397144,7.0,0.2412129565816678,-3.5,-0.1206064782908339,-1.8299942016601562,-2.4999921829970804,-1.9499969482421875,-2.663930368222528,285.48828125,0.6426161657203205,342.87109375,0.7717812676486439,54.47998046875,0.89892208305323,63.099609375,1.0411463405673564
2025-02-13,-0.6539993286132812,-0.6062847056282326,-0.60699462890625,-0.5627093848623113,14.599853515625,0.501489137868212,16.89990234375,0.5804933212072269,0.0500030517578125,0.07018957503821391,-0.0800018310546875,-0.11229903629092325,-174.91015625,-0.3911142462907823,-165.3515625,-0.3697404034546489,-0.89013671875,-0.01455537249338002,-0.43994140625,-0.007193851133590454
2025-02-14,-0.41500091552734375,-0.38788758184271094,-0.6410064697265625,-0.5991274722173158,-53.699951171875,-1.828207887488352,-42.2998046875,-1.4400913759006702,-0.779998779296875,-1.09060237123556,-0.5500030517578125,-0.7690199630499188,-27.5703125,-0.06183915319086263,10.26171875,0.023016641461093248,7.97998046875,0.13035775518569498,14.9501953125,0.24422038476874558
2025-02-17,-0.0850067138671875,-0.07969877268754104,0.0,0.0,15.5,0.5383439935698554,11.099853515625,0.38551867546077173,0.69000244140625,0.9759582336494081,0.6500015258789062,0.9193798499804139,149.46875,0.33605005410402355,71.25,0.16019111924674342,26.39013671875,0.43136928761134413,14.56982421875,0.238156200585322
2025-02-18,0.2550048828125,0.2389923993495494,0.3800048828125,0.3561432930469829,52.400146484375,1.8199551046479907,36.900146484375,1.2816111110781354,1.1500015258789062,1.6265934590079196,0.45999908447265625,0.6506352253585114,-384.4609375,-0.8627723656173002,-450.94140625,-1.011961803857133,-16.97998046875,-0.2767948564471432,-26.6298828125,-0.43410029851658655
2025-02-19,0.0980072021484375,0.09162549011720017,0.108001708984375,0.10096920738744243,-19.300048828125,-0.6567546584818452,-12.2001953125,-0.41515620904525785,0.470001220703125,0.6547802015826796,0.40000152587890625,0.5572604244655917,-392.109375,-0.8948156584360801,-748.62890625,-1.708413290731384,-100.97021484375,-1.6514321524185618,-104.39013671875,-1.7073671521793767
2025-02-20,-0.7360000610351562,-0.6878184009407531,-0.79400634765625,-0.7420273520271389,-9.10009765625,-0.30857201705300397,20.60009765625,0.6985214802516061,0.3899993896484375,0.5403150290932763,0.31999969482421875,0.44333567951131286,-31.91015625,-0.07336828318486786,33.19140625,0.07631415133086329,-43.43994140625,-0.7207927042636916,-29.8798828125,-0.4957926009634389
2025-02-21,0.16399383544921875,0.15419475367684007,0.25,0.235061813839623,-1.199951171875,-0.04083133088123815,-2.39990234375,-0.0816626617624763,-2.1800003051757812,-3.003582598757979,-2.1699981689453125,-2.989801755580611,111.421875,0.25608491202535205,159.94921875,0.36761705555679747,-27.47998046875,-0.4593217570985367,-28.0,-0.46801376781852
2025-02-24,0.04900360107421875,0.04603005964271702,-0.0099945068359375,-0.009388039565928583,14.7998046875,0.5045789163256333,10.2998046875,0.3511576265579977,0.899993896484375,1.289389480136577,0.29999542236328125,0.4297928499241323,121.5703125,0.2786047953111463,135.80859375,0.3112349115925269,31.93994140625,0.5349294286993281,47.56005859375,0.796534804145975
2025-02-25,-0.4420013427734375,-0.4143633171094558,-0.281005859375,-0.26343476534980276,-34.199951171875,-1.1637782604595945,-43.39990234375,-1.476840203656834,-1.9899978637695312,-2.805975627676931,-1.7699966430664062,-2.4957652125849297,,,,,,,,
2025-02-26,0.18000030517578125,0.1696275821508904,0.0670013427734375,0.06314031392570336,13.800048828125,0.47365878936416683,22.800048828125,0.7825656024755447,-0.220001220703125,-0.31833485567958797,-0.04000091552734375,-0.05788006825940073,,,,,,,,
